--
-- PostgreSQL database dump
--

\restrict 3xuowIjBDBSQjJV0015mW1pN1ugloARFKLywkwZNLdL6prBji7OS99zWWpa1JA1

-- Dumped from database version 17.6
-- Dumped by pg_dump version 17.6

SET statement_timeout = 0;
SET lock_timeout = 0;
SET idle_in_transaction_session_timeout = 0;
SET transaction_timeout = 0;
SET client_encoding = 'UTF8';
SET standard_conforming_strings = on;
SELECT pg_catalog.set_config('search_path', '', false);
SET check_function_bodies = false;
SET xmloption = content;
SET client_min_messages = warning;
SET row_security = off;

--
-- Data for Name: users; Type: TABLE DATA; Schema: auth; Owner: -
--

INSERT INTO auth.users VALUES ('00000000-0000-0000-0000-000000000000', 'd373bc0f-6676-4960-b418-9b6d820c84f1', 'authenticated', 'authenticated', 'test-x5fupsrz@example.com', '$2a$10$x8cfsIuNv5Htg4QuuUdfa.by7Uuw2YL5xlDmkQ7laZA0ViTC4AIYC', '2026-06-10 07:13:53.322945+00', NULL, '', NULL, '', NULL, '', '', NULL, NULL, '{"provider": "email", "providers": ["email"]}', '{"email_verified": true}', NULL, '2026-06-10 07:13:53.318032+00', '2026-06-10 07:13:53.323615+00', NULL, NULL, '', '', NULL, DEFAULT, '', 0, NULL, '', NULL, false, NULL, false);
INSERT INTO auth.users VALUES ('00000000-0000-0000-0000-000000000000', '1d835d6c-3176-4ffc-87fe-6729768ca6ca', 'authenticated', 'authenticated', 'test-papxjyr5@example.com', '$2a$10$F27rbRl/8/pu3VPfGY7w4Od7pM0ox2CVNbQl8EpT7tRfRDm/SMxSG', '2026-06-10 07:13:53.087635+00', NULL, '', NULL, '', NULL, '', '', NULL, NULL, '{"provider": "email", "providers": ["email"]}', '{"email_verified": true}', NULL, '2026-06-10 07:13:53.080721+00', '2026-06-10 07:13:53.088367+00', NULL, NULL, '', '', NULL, DEFAULT, '', 0, NULL, '', NULL, false, NULL, false);
INSERT INTO auth.users VALUES ('00000000-0000-0000-0000-000000000000', '973c1068-259a-45b5-a5c0-9c18141b145f', 'authenticated', 'authenticated', 'teacher@vit.vn', '$2a$10$sVMixUzH47YWDXB9X6TmAupizm/9cEUxT/w4uyr0WcYj0im5Xla9G', '2026-06-11 06:47:35.185397+00', NULL, '', NULL, '', NULL, '', '', NULL, '2026-06-12 06:51:35.683436+00', '{"provider": "email", "providers": ["email"]}', '{"full_name": "Teacher VIT", "email_verified": true}', NULL, '2026-06-11 06:47:35.180243+00', '2026-06-12 07:50:54.722161+00', NULL, NULL, '', '', NULL, DEFAULT, '', 0, NULL, '', NULL, false, NULL, false);
INSERT INTO auth.users VALUES ('00000000-0000-0000-0000-000000000000', 'c087c1ad-9d82-4e75-a508-7f55596e3003', 'authenticated', 'authenticated', 'test-wmrrv67n@example.com', '$2a$10$tQbofcg9h.EFfxzfHlocq.rMvcTMEy.u0lRmGUH2vCprPsao13Nsy', '2026-06-10 07:13:41.716297+00', NULL, '', NULL, '', NULL, '', '', NULL, NULL, '{"provider": "email", "providers": ["email"]}', '{"email_verified": true}', NULL, '2026-06-10 07:13:41.712001+00', '2026-06-10 07:13:41.716995+00', NULL, NULL, '', '', NULL, DEFAULT, '', 0, NULL, '', NULL, false, NULL, false);
INSERT INTO auth.users VALUES ('00000000-0000-0000-0000-000000000000', '86845fee-e421-4c81-a2f2-8a3a29c9ce84', 'authenticated', 'authenticated', 'test-wep40ydt@example.com', '$2a$10$68nxVl7lfh9Fh5VP6aJkuuNGB5HxS893kEqoLCayPbG1JMtM6cY8u', '2026-06-10 08:57:39.457082+00', NULL, '', NULL, '', NULL, '', '', NULL, NULL, '{"provider": "email", "providers": ["email"]}', '{"email_verified": true}', NULL, '2026-06-10 08:57:39.453028+00', '2026-06-10 08:57:39.45767+00', NULL, NULL, '', '', NULL, DEFAULT, '', 0, NULL, '', NULL, false, NULL, false);
INSERT INTO auth.users VALUES ('00000000-0000-0000-0000-000000000000', 'b799123f-d85d-4779-831d-f39ff521abe5', 'authenticated', 'authenticated', 'test-7vhibfq4@example.com', '$2a$10$ZCsb9ip9uTE7H1mc6xqKZ.DwUiszGe3pWziiVyyMwO1AAaEvOFCCm', '2026-06-15 09:50:02.064073+00', NULL, '', NULL, '', NULL, '', '', NULL, NULL, '{"provider": "email", "providers": ["email"]}', '{"email_verified": true}', NULL, '2026-06-15 09:50:02.057074+00', '2026-06-15 09:50:02.064847+00', NULL, NULL, '', '', NULL, DEFAULT, '', 0, NULL, '', NULL, false, NULL, false);
INSERT INTO auth.users VALUES ('00000000-0000-0000-0000-000000000000', '38978516-b87f-4d93-b98b-e7fac36b1663', 'authenticated', 'authenticated', 'test-9iyngw8h@example.com', '$2a$10$G9oMZ4UL6jeBmaszsrsPievWloqM/dcsgF45cvErXHqcHZMZ4E/6G', '2026-06-12 06:58:10.35961+00', NULL, '', NULL, '', NULL, '', '', NULL, NULL, '{"provider": "email", "providers": ["email"]}', '{"email_verified": true}', NULL, '2026-06-12 06:58:10.354101+00', '2026-06-12 06:58:10.360109+00', NULL, NULL, '', '', NULL, DEFAULT, '', 0, NULL, '', NULL, false, NULL, false);
INSERT INTO auth.users VALUES ('00000000-0000-0000-0000-000000000000', 'a455ceda-8e58-4be7-bbc1-efb31ee0fd08', 'authenticated', 'authenticated', 'test-p37wb4hp@example.com', '$2a$10$1ckMZq2Kn7ie6THgxE2LZ.Svudz2lpRfbRFopVW3DhcO2a6g1rmFO', '2026-06-10 08:41:46.126644+00', NULL, '', NULL, '', NULL, '', '', NULL, NULL, '{"provider": "email", "providers": ["email"]}', '{"email_verified": true}', NULL, '2026-06-10 08:41:46.122845+00', '2026-06-10 08:41:46.127134+00', NULL, NULL, '', '', NULL, DEFAULT, '', 0, NULL, '', NULL, false, NULL, false);
INSERT INTO auth.users VALUES ('00000000-0000-0000-0000-000000000000', '6167ac6b-ddef-4021-81d2-374abf7965c9', 'authenticated', 'authenticated', 'test-26cnoff8@example.com', '$2a$10$d7dJh.Gts1MBxMOjOmVo/OYWWsGJrK4nhrjh4.UryvYCiLUTE0V7y', '2026-06-10 07:13:41.549347+00', NULL, '', NULL, '', NULL, '', '', NULL, NULL, '{"provider": "email", "providers": ["email"]}', '{"email_verified": true}', NULL, '2026-06-10 07:13:41.544636+00', '2026-06-10 07:13:41.550073+00', NULL, NULL, '', '', NULL, DEFAULT, '', 0, NULL, '', NULL, false, NULL, false);
INSERT INTO auth.users VALUES ('00000000-0000-0000-0000-000000000000', '0644aa6f-e3fb-485d-b8e1-0f0b3bb83a94', 'authenticated', 'authenticated', 'test-a2mauabl@example.com', '$2a$10$e4oV5F97qixXT1S3IWCEEuG2zzJcjqUuo.CglkDvNeldMtiX7AgMK', '2026-06-11 07:12:37.178703+00', NULL, '', NULL, '', NULL, '', '', NULL, NULL, '{"provider": "email", "providers": ["email"]}', '{"email_verified": true}', NULL, '2026-06-11 07:12:37.174556+00', '2026-06-11 07:12:37.179428+00', NULL, NULL, '', '', NULL, DEFAULT, '', 0, NULL, '', NULL, false, NULL, false);
INSERT INTO auth.users VALUES ('00000000-0000-0000-0000-000000000000', '51e42d3b-674b-4c07-a7ab-d38a911d5b08', 'authenticated', 'authenticated', 'test-2ta27j0d@example.com', '$2a$10$fC0RDWH4p8WDWrWNo5GQG.5E0zqZJAVso1xnl2EPgUK9vkXFKUBvq', '2026-06-11 07:12:37.008265+00', NULL, '', NULL, '', NULL, '', '', NULL, NULL, '{"provider": "email", "providers": ["email"]}', '{"email_verified": true}', NULL, '2026-06-11 07:12:37.003066+00', '2026-06-11 07:12:37.009071+00', NULL, NULL, '', '', NULL, DEFAULT, '', 0, NULL, '', NULL, false, NULL, false);
INSERT INTO auth.users VALUES ('00000000-0000-0000-0000-000000000000', '93c6596f-f2ae-4163-b713-ffa02c8db9f2', 'authenticated', 'authenticated', 'test-tkmyw2wz@example.com', '$2a$10$lTb8ujufyJTJdkV3VLeeq.G3e1fgfe6.qPLwKOt4xpsxnJqRM8tZ2', '2026-06-10 07:42:06.893351+00', NULL, '', NULL, '', NULL, '', '', NULL, NULL, '{"provider": "email", "providers": ["email"]}', '{"email_verified": true}', NULL, '2026-06-10 07:42:06.887964+00', '2026-06-10 07:42:06.894135+00', NULL, NULL, '', '', NULL, DEFAULT, '', 0, NULL, '', NULL, false, NULL, false);
INSERT INTO auth.users VALUES ('00000000-0000-0000-0000-000000000000', '5280d776-928d-4e08-a373-3ff9ce1dd681', 'authenticated', 'authenticated', 'test-gblmid9i@example.com', '$2a$10$BZJZBBTbVJIZCKF3ruQid.QxCKto5tujxxzK5SBa2p3a3BS1SFR8e', '2026-06-12 10:35:55.320224+00', NULL, '', NULL, '', NULL, '', '', NULL, NULL, '{"provider": "email", "providers": ["email"]}', '{"email_verified": true}', NULL, '2026-06-12 10:35:55.316987+00', '2026-06-12 10:35:55.320781+00', NULL, NULL, '', '', NULL, DEFAULT, '', 0, NULL, '', NULL, false, NULL, false);
INSERT INTO auth.users VALUES ('00000000-0000-0000-0000-000000000000', '4e6d32e5-4ce9-4088-8b0e-e4414cb725b1', 'authenticated', 'authenticated', 'test-y61pog8e@example.com', '$2a$10$W5cd3ofNEm8nbrQg/hwzAuw9TLOFklXNVmRPWFO/zIKS7v/dMtEUG', '2026-06-12 10:35:43.093412+00', NULL, '', NULL, '', NULL, '', '', NULL, NULL, '{"provider": "email", "providers": ["email"]}', '{"email_verified": true}', NULL, '2026-06-12 10:35:43.087995+00', '2026-06-12 10:35:43.093998+00', NULL, NULL, '', '', NULL, DEFAULT, '', 0, NULL, '', NULL, false, NULL, false);
INSERT INTO auth.users VALUES ('00000000-0000-0000-0000-000000000000', 'f9b32ed9-0fd0-41ed-99b2-0e4d000a0c74', 'authenticated', 'authenticated', 'test-pudoq2lg@example.com', '$2a$10$x3NYh.AdIRGxKx.a8CTPJeXm7OlW/aCn7MVIK.xe81OJkI3An8Hzm', '2026-06-15 08:07:41.066918+00', NULL, '', NULL, '', NULL, '', '', NULL, NULL, '{"provider": "email", "providers": ["email"]}', '{"email_verified": true}', NULL, '2026-06-15 08:07:41.062121+00', '2026-06-15 08:07:41.067393+00', NULL, NULL, '', '', NULL, DEFAULT, '', 0, NULL, '', NULL, false, NULL, false);
INSERT INTO auth.users VALUES ('00000000-0000-0000-0000-000000000000', '2b0eeda7-58ae-4ce3-b2ec-d18918c090db', 'authenticated', 'authenticated', 'test-avejzhqe@example.com', '$2a$10$6EGXUNfs1F4G4ZFVzRsj1ux7FwHqxh84i3drZ2s8e/NP8PYhPUDEG', '2026-06-10 07:42:07.12186+00', NULL, '', NULL, '', NULL, '', '', NULL, NULL, '{"provider": "email", "providers": ["email"]}', '{"email_verified": true}', NULL, '2026-06-10 07:42:07.117884+00', '2026-06-10 07:42:07.122365+00', NULL, NULL, '', '', NULL, DEFAULT, '', 0, NULL, '', NULL, false, NULL, false);
INSERT INTO auth.users VALUES ('00000000-0000-0000-0000-000000000000', 'dd1cb047-9eee-4053-904c-01dde201779b', 'authenticated', 'authenticated', 'test-9vy9i0wl@example.com', '$2a$10$x9H8ik4MabvitIUDpLGNTedt.JOeIYZwg55rMhLGhBnOiAGbr.ZgC', '2026-06-12 10:38:39.059103+00', NULL, '', NULL, '', NULL, '', '', NULL, NULL, '{"provider": "email", "providers": ["email"]}', '{"email_verified": true}', NULL, '2026-06-12 10:38:39.053902+00', '2026-06-12 10:38:39.059745+00', NULL, NULL, '', '', NULL, DEFAULT, '', 0, NULL, '', NULL, false, NULL, false);
INSERT INTO auth.users VALUES ('00000000-0000-0000-0000-000000000000', '6bce7472-4ba6-4f0d-a413-36db5ba3fad8', 'authenticated', 'authenticated', 'test-6excnukx@example.com', '$2a$10$gdbDU0UNQ3CeaXjMhqzS5eY9QFRDnQdx6W473MtRojm7YUpKtweaS', '2026-06-15 04:44:18.777493+00', NULL, '', NULL, '', NULL, '', '', NULL, NULL, '{"provider": "email", "providers": ["email"]}', '{"email_verified": true}', NULL, '2026-06-15 04:44:18.772789+00', '2026-06-15 04:44:18.778172+00', NULL, NULL, '', '', NULL, DEFAULT, '', 0, NULL, '', NULL, false, NULL, false);
INSERT INTO auth.users VALUES ('00000000-0000-0000-0000-000000000000', 'cef7cd5d-1aaf-42a6-b382-d22627cb4fc8', 'authenticated', 'authenticated', 'test-e2fs3wbm@example.com', '$2a$10$v7BVS3FQ0hyc8djCDizNsu8AdgwCnwLjPSeHMa.e/z/gdMkQUnari', '2026-06-10 08:41:45.921754+00', NULL, '', NULL, '', NULL, '', '', NULL, NULL, '{"provider": "email", "providers": ["email"]}', '{"email_verified": true}', NULL, '2026-06-10 08:41:45.917082+00', '2026-06-10 08:41:45.922381+00', NULL, NULL, '', '', NULL, DEFAULT, '', 0, NULL, '', NULL, false, NULL, false);
INSERT INTO auth.users VALUES ('00000000-0000-0000-0000-000000000000', 'a6fe561b-f6ab-45e6-998d-86a558d1cc8a', 'authenticated', 'authenticated', 'test-zfx0kunx@example.com', '$2a$10$eH2qOzPCWLKXmaSvmzXup.J0eZJtKLKq8.iVH5wGqlnQYKncevr5W', '2026-06-10 08:57:39.614414+00', NULL, '', NULL, '', NULL, '', '', NULL, NULL, '{"provider": "email", "providers": ["email"]}', '{"email_verified": true}', NULL, '2026-06-10 08:57:39.60838+00', '2026-06-10 08:57:39.615166+00', NULL, NULL, '', '', NULL, DEFAULT, '', 0, NULL, '', NULL, false, NULL, false);
INSERT INTO auth.users VALUES ('00000000-0000-0000-0000-000000000000', '81f4b8fc-e720-4d89-98b0-bcf097bdfaca', 'authenticated', 'authenticated', 'test-rohgf14a@example.com', '$2a$10$/GViBp1SzWs7SKiPOmQzdeqCG5bEpSohlMnd3rmIAh.mvqNjcaoHa', '2026-06-10 09:22:08.671453+00', NULL, '', NULL, '', NULL, '', '', NULL, NULL, '{"provider": "email", "providers": ["email"]}', '{"email_verified": true}', NULL, '2026-06-10 09:22:08.666508+00', '2026-06-10 09:22:08.67249+00', NULL, NULL, '', '', NULL, DEFAULT, '', 0, NULL, '', NULL, false, NULL, false);
INSERT INTO auth.users VALUES ('00000000-0000-0000-0000-000000000000', 'f744c878-8a6d-472f-b1c1-971ad771f3f5', 'authenticated', 'authenticated', 'test-c8r6808h@example.com', '$2a$10$qKtNzLQRQ2yKiKT5I73ZieYeVvtIK7Rja8eyXKkMAb5vdjdLocS.2', '2026-06-11 06:51:19.761667+00', NULL, '', NULL, '', NULL, '', '', NULL, NULL, '{"provider": "email", "providers": ["email"]}', '{"email_verified": true}', NULL, '2026-06-11 06:51:19.756607+00', '2026-06-11 06:51:19.762257+00', NULL, NULL, '', '', NULL, DEFAULT, '', 0, NULL, '', NULL, false, NULL, false);
INSERT INTO auth.users VALUES ('00000000-0000-0000-0000-000000000000', '511a217d-8198-4f09-95f2-30b1ad8964ae', 'authenticated', 'authenticated', 'test-l2dn7tu8@example.com', '$2a$10$dUENg885S6eKgCLIhWO.FOLlKHBSa1l8PVX19iRHuYZy7jq8mtDqa', '2026-06-15 09:50:02.313471+00', NULL, '', NULL, '', NULL, '', '', NULL, NULL, '{"provider": "email", "providers": ["email"]}', '{"email_verified": true}', NULL, '2026-06-15 09:50:02.308864+00', '2026-06-15 09:50:02.313865+00', NULL, NULL, '', '', NULL, DEFAULT, '', 0, NULL, '', NULL, false, NULL, false);
INSERT INTO auth.users VALUES ('00000000-0000-0000-0000-000000000000', '0f46acd1-a9e9-422d-9c01-0786afc89569', 'authenticated', 'authenticated', 'test-20a87854@example.com', '$2a$10$8OLvJ0kBbm3V0HLRewA2BekcA0kwpULQgMAqNDnaxw3378/TuK0i.', '2026-06-10 09:22:08.799521+00', NULL, '', NULL, '', NULL, '', '', NULL, NULL, '{"provider": "email", "providers": ["email"]}', '{"email_verified": true}', NULL, '2026-06-10 09:22:08.795886+00', '2026-06-10 09:22:08.799993+00', NULL, NULL, '', '', NULL, DEFAULT, '', 0, NULL, '', NULL, false, NULL, false);
INSERT INTO auth.users VALUES ('00000000-0000-0000-0000-000000000000', 'ba293401-7bf7-4a06-b168-aa8b3dc9e8f6', 'authenticated', 'authenticated', 'admin@vit.vn', '$2a$10$ijyFo8npvgG5RZZ3vTD8XOwqivn2x6DsK2ruDTF18VIzDYEOUAY.a', '2026-06-11 07:57:18.273235+00', NULL, '', NULL, '', NULL, '', '', NULL, '2026-06-12 07:51:20.832002+00', '{"provider": "email", "providers": ["email"]}', '{"full_name": "Admin VIT", "email_verified": true}', NULL, '2026-06-11 07:57:18.269463+00', '2026-06-12 07:51:20.834648+00', NULL, NULL, '', '', NULL, DEFAULT, '', 0, NULL, '', NULL, false, NULL, false);
INSERT INTO auth.users VALUES ('00000000-0000-0000-0000-000000000000', 'b8e75893-8a40-4eb3-b10f-14c58eb27ab3', 'authenticated', 'authenticated', 'test-5nn1cdys@example.com', '$2a$10$Fhky8uco1K.TePDQaa7abOTnV9Y6EtN/rI2/vnJCEYVkh.Pe8jqSy', '2026-06-10 09:35:03.636391+00', NULL, '', NULL, '', NULL, '', '', NULL, NULL, '{"provider": "email", "providers": ["email"]}', '{"email_verified": true}', NULL, '2026-06-10 09:35:03.631975+00', '2026-06-10 09:35:03.637108+00', NULL, NULL, '', '', NULL, DEFAULT, '', 0, NULL, '', NULL, false, NULL, false);
INSERT INTO auth.users VALUES ('00000000-0000-0000-0000-000000000000', 'a49f7e76-69b9-441c-8137-f98a935d956b', 'authenticated', 'authenticated', 'test-pe535egy@example.com', '$2a$10$n66GHywWwGfqymVccecA5um2rhfVcF1RR3GotTDzHTowBVqxlB0TG', '2026-06-11 06:51:19.612081+00', NULL, '', NULL, '', NULL, '', '', NULL, NULL, '{"provider": "email", "providers": ["email"]}', '{"email_verified": true}', NULL, '2026-06-11 06:51:19.607118+00', '2026-06-11 06:51:19.612711+00', NULL, NULL, '', '', NULL, DEFAULT, '', 0, NULL, '', NULL, false, NULL, false);
INSERT INTO auth.users VALUES ('00000000-0000-0000-0000-000000000000', '48394223-2b58-4c9c-a23a-67bb52ef449e', 'authenticated', 'authenticated', 'test-3kasvt6c@example.com', '$2a$10$rqRWIGiGshK1GiwxohDccumvaqcbD5DT6FrNDRA4pftZUx/rkCW5C', '2026-06-11 07:33:44.766857+00', NULL, '', NULL, '', NULL, '', '', NULL, NULL, '{"provider": "email", "providers": ["email"]}', '{"email_verified": true}', NULL, '2026-06-11 07:33:44.762951+00', '2026-06-11 07:33:44.76746+00', NULL, NULL, '', '', NULL, DEFAULT, '', 0, NULL, '', NULL, false, NULL, false);
INSERT INTO auth.users VALUES ('00000000-0000-0000-0000-000000000000', '13962f3e-be85-4f80-b48e-869f4620c5e0', 'authenticated', 'authenticated', 'test-yg8vip2k@example.com', '$2a$10$WyDqOUf2CQ3CZnvCt1HNd.6aL//8d5AO6MLIuAF105fbFJk4Ejmzq', '2026-06-10 09:35:03.890312+00', NULL, '', NULL, '', NULL, '', '', NULL, NULL, '{"provider": "email", "providers": ["email"]}', '{"email_verified": true}', NULL, '2026-06-10 09:35:03.883236+00', '2026-06-10 09:35:03.890835+00', NULL, NULL, '', '', NULL, DEFAULT, '', 0, NULL, '', NULL, false, NULL, false);
INSERT INTO auth.users VALUES ('00000000-0000-0000-0000-000000000000', 'd1f93e95-5210-42eb-8695-b5c22bf0d680', 'authenticated', 'authenticated', 'test-dyrux9qr@example.com', '$2a$10$V3mqDHBWVMt0mmmd5l5DT.xNS387BOBqerzruFEuAVP92oCN8/uvq', '2026-06-11 07:39:15.824242+00', NULL, '', NULL, '', NULL, '', '', NULL, NULL, '{"provider": "email", "providers": ["email"]}', '{"email_verified": true}', NULL, '2026-06-11 07:39:15.819982+00', '2026-06-11 07:39:15.824706+00', NULL, NULL, '', '', NULL, DEFAULT, '', 0, NULL, '', NULL, false, NULL, false);
INSERT INTO auth.users VALUES ('00000000-0000-0000-0000-000000000000', '02602731-a95f-4d0d-8d7c-023174b9576e', 'authenticated', 'authenticated', 'test-j2h9haow@example.com', '$2a$10$g3RMRiGHg.InB4qjhV4CI.EpfZU7Yyv0t8HR3otImVxDhpx9AIJY2', '2026-06-15 11:01:55.170204+00', NULL, '', NULL, '', NULL, '', '', NULL, NULL, '{"provider": "email", "providers": ["email"]}', '{"email_verified": true}', NULL, '2026-06-15 11:01:55.165658+00', '2026-06-15 11:01:55.17066+00', NULL, NULL, '', '', NULL, DEFAULT, '', 0, NULL, '', NULL, false, NULL, false);
INSERT INTO auth.users VALUES ('00000000-0000-0000-0000-000000000000', '27f93b3a-6479-4e8e-8a07-886d31c08138', 'authenticated', 'authenticated', 'test-livv72ol@example.com', '$2a$10$vstc1f6jubff.mAsDOJ6.eWjXnlRVjJilf8FDPJ2Zkh7gx4HdIsTC', '2026-06-15 06:55:55.919075+00', NULL, '', NULL, '', NULL, '', '', NULL, NULL, '{"provider": "email", "providers": ["email"]}', '{"email_verified": true}', NULL, '2026-06-15 06:55:55.912938+00', '2026-06-15 06:55:55.919665+00', NULL, NULL, '', '', NULL, DEFAULT, '', 0, NULL, '', NULL, false, NULL, false);
INSERT INTO auth.users VALUES ('00000000-0000-0000-0000-000000000000', 'ece4a35c-b493-4955-a493-f16c184928ea', 'authenticated', 'authenticated', 'test-lkwkmcw2@example.com', '$2a$10$EBQPOPw/JfkEPXZ.SsBv7e4LTrNqRL9Ma31nRsnFAAirgcK.Ley/e', '2026-06-11 07:33:44.939028+00', NULL, '', NULL, '', NULL, '', '', NULL, NULL, '{"provider": "email", "providers": ["email"]}', '{"email_verified": true}', NULL, '2026-06-11 07:33:44.934932+00', '2026-06-11 07:33:44.939618+00', NULL, NULL, '', '', NULL, DEFAULT, '', 0, NULL, '', NULL, false, NULL, false);
INSERT INTO auth.users VALUES ('00000000-0000-0000-0000-000000000000', 'dbed1dda-a14a-4434-b7f1-728473f00540', 'authenticated', 'authenticated', 'test-h62z8oqc@example.com', '$2a$10$wWTNQvh3vgLuKDeoXF7SaeAO3Ch5t3j0yUvuL5g5tZcStUgX5rabS', '2026-06-15 08:07:41.279486+00', NULL, '', NULL, '', NULL, '', '', NULL, NULL, '{"provider": "email", "providers": ["email"]}', '{"email_verified": true}', NULL, '2026-06-15 08:07:41.274984+00', '2026-06-15 08:07:41.280096+00', NULL, NULL, '', '', NULL, DEFAULT, '', 0, NULL, '', NULL, false, NULL, false);
INSERT INTO auth.users VALUES ('00000000-0000-0000-0000-000000000000', 'abc87a59-b6c6-494c-a153-6a8433ffc039', 'authenticated', 'authenticated', 'test-mwzbulhk@example.com', '$2a$10$KkOad8iPi2YCOLBnSjb8jeTxcQN0IHXfnR4OPWvLSw2Wx6gccDIrm', '2026-06-15 06:55:55.557122+00', NULL, '', NULL, '', NULL, '', '', NULL, NULL, '{"provider": "email", "providers": ["email"]}', '{"email_verified": true}', NULL, '2026-06-15 06:55:55.554068+00', '2026-06-15 06:55:55.557555+00', NULL, NULL, '', '', NULL, DEFAULT, '', 0, NULL, '', NULL, false, NULL, false);
INSERT INTO auth.users VALUES ('00000000-0000-0000-0000-000000000000', 'b18518da-2ebf-4f62-bc6b-a520701e5aba', 'authenticated', 'authenticated', 'test-t8ifxub8@example.com', '$2a$10$0ettUqeLUoiTUGzPxEvgS.2T5wb8SikLrChpZhfjYTEzWhpZEHBhS', '2026-06-11 07:39:15.398876+00', NULL, '', NULL, '', NULL, '', '', NULL, NULL, '{"provider": "email", "providers": ["email"]}', '{"email_verified": true}', NULL, '2026-06-11 07:39:15.395889+00', '2026-06-11 07:39:15.399281+00', NULL, NULL, '', '', NULL, DEFAULT, '', 0, NULL, '', NULL, false, NULL, false);
INSERT INTO auth.users VALUES ('00000000-0000-0000-0000-000000000000', '1ac8d9e4-ffcc-4b7a-87a0-414f626eeabb', 'authenticated', 'authenticated', 'test-stbubo01@example.com', '$2a$10$gz8M7fHd/Lg2uD0lK73j3O.GoLGf/uxoBXOEBWOb.lKhTgguZsSrC', '2026-06-15 12:48:22.61161+00', NULL, '', NULL, '', NULL, '', '', NULL, NULL, '{"provider": "email", "providers": ["email"]}', '{"email_verified": true}', NULL, '2026-06-15 12:48:22.608227+00', '2026-06-15 12:48:22.612195+00', NULL, NULL, '', '', NULL, DEFAULT, '', 0, NULL, '', NULL, false, NULL, false);
INSERT INTO auth.users VALUES ('00000000-0000-0000-0000-000000000000', '9079f2c3-919a-495c-b325-eca4f0215d7a', 'authenticated', 'authenticated', 'test-g5e4ag7a@example.com', '$2a$10$vIQaVMf0lVVaRul73KnUce1UO1we2BGG6mrIDpQn7n9u3tnBAlbBq', '2026-06-11 07:53:02.884738+00', NULL, '', NULL, '', NULL, '', '', NULL, NULL, '{"provider": "email", "providers": ["email"]}', '{"email_verified": true}', NULL, '2026-06-11 07:53:02.88024+00', '2026-06-11 07:53:02.885459+00', NULL, NULL, '', '', NULL, DEFAULT, '', 0, NULL, '', NULL, false, NULL, false);
INSERT INTO auth.users VALUES ('00000000-0000-0000-0000-000000000000', '36692875-cd79-440a-92f1-6e72e7a93a5a', 'authenticated', 'authenticated', 'test-1yk622j2@example.com', '$2a$10$tE9RUcwyf.huHQgCl2Z8n.1YGk2.BEuQ2HDhBgoD3tNpEa4/EFX06', '2026-06-11 07:53:02.718644+00', NULL, '', NULL, '', NULL, '', '', NULL, NULL, '{"provider": "email", "providers": ["email"]}', '{"email_verified": true}', NULL, '2026-06-11 07:53:02.712756+00', '2026-06-11 07:53:02.719304+00', NULL, NULL, '', '', NULL, DEFAULT, '', 0, NULL, '', NULL, false, NULL, false);
INSERT INTO auth.users VALUES ('00000000-0000-0000-0000-000000000000', 'f168de7a-f114-43da-abc9-9b76041e1b31', 'authenticated', 'authenticated', 'test-thyuldby@example.com', '$2a$10$gSR9.u0x.A6ExHmig2E0M.eRrNZBHanaZrnUAnTSssoxRab2u3BWi', '2026-06-11 08:22:55.317915+00', NULL, '', NULL, '', NULL, '', '', NULL, NULL, '{"provider": "email", "providers": ["email"]}', '{"email_verified": true}', NULL, '2026-06-11 08:22:55.312822+00', '2026-06-11 08:22:55.318542+00', NULL, NULL, '', '', NULL, DEFAULT, '', 0, NULL, '', NULL, false, NULL, false);
INSERT INTO auth.users VALUES ('00000000-0000-0000-0000-000000000000', '6d63fe39-c26a-41b9-a7e7-9ce1a4e45a14', 'authenticated', 'authenticated', 'test-eu78wdly@example.com', '$2a$10$C3KHbqbgpQPU0aP.0zG.NeCHeGMCD19QgN8F39rKEuGPvQ3aVo7YW', '2026-06-12 06:58:10.48105+00', NULL, '', NULL, '', NULL, '', '', NULL, NULL, '{"provider": "email", "providers": ["email"]}', '{"email_verified": true}', NULL, '2026-06-12 06:58:10.474897+00', '2026-06-12 06:58:10.481747+00', NULL, NULL, '', '', NULL, DEFAULT, '', 0, NULL, '', NULL, false, NULL, false);
INSERT INTO auth.users VALUES ('00000000-0000-0000-0000-000000000000', '98374dd4-d18a-434e-b207-065af43461b6', 'authenticated', 'authenticated', 'test-ptq1kinh@example.com', '$2a$10$hZIaM93lHDicY.EO4T7yeuJufJmv/33ZOnj1YDtacgfJIHZv2.i.G', '2026-06-12 04:54:48.731365+00', NULL, '', NULL, '', NULL, '', '', NULL, NULL, '{"provider": "email", "providers": ["email"]}', '{"email_verified": true}', NULL, '2026-06-12 04:54:48.726691+00', '2026-06-12 04:54:48.73213+00', NULL, NULL, '', '', NULL, DEFAULT, '', 0, NULL, '', NULL, false, NULL, false);
INSERT INTO auth.users VALUES ('00000000-0000-0000-0000-000000000000', 'bce28c8a-8c03-47e7-9521-50f5d95e5d8a', 'authenticated', 'authenticated', 'test-hk2razbj@example.com', '$2a$10$SqIRChfG5nAKvJvUVvPMPu82Nym2QkGVHgzKUnx3kSI0j2I9SHrkK', '2026-06-11 08:22:55.478703+00', NULL, '', NULL, '', NULL, '', '', NULL, NULL, '{"provider": "email", "providers": ["email"]}', '{"email_verified": true}', NULL, '2026-06-11 08:22:55.474396+00', '2026-06-11 08:22:55.47932+00', NULL, NULL, '', '', NULL, DEFAULT, '', 0, NULL, '', NULL, false, NULL, false);
INSERT INTO auth.users VALUES ('00000000-0000-0000-0000-000000000000', 'f6249401-4b33-4285-9c63-b830df5c2627', 'authenticated', 'authenticated', 'test-8dmrvpa6@example.com', '$2a$10$KB/ZmTTDQTRfY5JuqqxW0Oynen/SqYAcKLAhqOvzV2ba27K/.WqJi', '2026-06-12 04:54:48.985324+00', NULL, '', NULL, '', NULL, '', '', NULL, NULL, '{"provider": "email", "providers": ["email"]}', '{"email_verified": true}', NULL, '2026-06-12 04:54:48.981357+00', '2026-06-12 04:54:48.985749+00', NULL, NULL, '', '', NULL, DEFAULT, '', 0, NULL, '', NULL, false, NULL, false);
INSERT INTO auth.users VALUES ('00000000-0000-0000-0000-000000000000', '6d563ba6-51d0-4c76-9e99-e9175eeff6ab', 'authenticated', 'authenticated', 'test-pwsegwo0@example.com', '$2a$10$XbOTJgHgPt46N3S66IyhQuaP/bRMcXJDyHK5undJL5NzQLmGk5rAK', '2026-06-12 08:34:32.804401+00', NULL, '', NULL, '', NULL, '', '', NULL, NULL, '{"provider": "email", "providers": ["email"]}', '{"email_verified": true}', NULL, '2026-06-12 08:34:32.798877+00', '2026-06-12 08:34:32.805093+00', NULL, NULL, '', '', NULL, DEFAULT, '', 0, NULL, '', NULL, false, NULL, false);
INSERT INTO auth.users VALUES ('00000000-0000-0000-0000-000000000000', 'd04360b2-7567-45aa-803e-99e907406663', 'authenticated', 'authenticated', 'test-vla5sxz0@example.com', '$2a$10$Z5hU7.78FK0EybHev6msVeNNtlu9mW.6EOM132tk3Xrcb58O3jqSW', '2026-06-12 10:38:39.254665+00', NULL, '', NULL, '', NULL, '', '', NULL, NULL, '{"provider": "email", "providers": ["email"]}', '{"email_verified": true}', NULL, '2026-06-12 10:38:39.249318+00', '2026-06-12 10:38:39.255215+00', NULL, NULL, '', '', NULL, DEFAULT, '', 0, NULL, '', NULL, false, NULL, false);
INSERT INTO auth.users VALUES ('00000000-0000-0000-0000-000000000000', '4ebe2ab1-659c-4734-82bd-066605c6eefc', 'authenticated', 'authenticated', 'test-o6o3uadl@example.com', '$2a$10$3s1K.dy7VrOE52Pfnpa6Let/ut0wVBR20.nInvKjcNH0TLidH41fm', '2026-06-12 10:35:43.232694+00', NULL, '', NULL, '', NULL, '', '', NULL, NULL, '{"provider": "email", "providers": ["email"]}', '{"email_verified": true}', NULL, '2026-06-12 10:35:43.227839+00', '2026-06-12 10:35:43.233209+00', NULL, NULL, '', '', NULL, DEFAULT, '', 0, NULL, '', NULL, false, NULL, false);
INSERT INTO auth.users VALUES ('00000000-0000-0000-0000-000000000000', '88da8ada-bbc2-490e-b6aa-4ddb3baafc2a', 'authenticated', 'authenticated', 'devtest@vit.vn', '$2a$10$dR9qA4vq1nxMBtd.wMBPmuVy6fpI1wVSnpi8mmpORrMXo/Z7ycwRK', '2026-06-10 03:02:22.191429+00', NULL, '', NULL, 'pkce_fec4905af9a1269ca13e6a73e641cd2a39a9b6396c3e2a504839a05b', '2026-06-15 06:18:54.138449+00', '', '', NULL, '2026-06-15 12:42:49.911631+00', '{"provider": "email", "providers": ["email"]}', '{"full_name": "Dev Test", "email_verified": true}', NULL, '2026-06-10 03:02:22.187678+00', '2026-06-15 12:42:49.914864+00', NULL, NULL, '', '', NULL, DEFAULT, '', 0, NULL, '', NULL, false, NULL, false);
INSERT INTO auth.users VALUES ('00000000-0000-0000-0000-000000000000', 'e9536f85-f63c-4936-bae8-a3fc08ef1413', 'authenticated', 'authenticated', 'test-x1yhgkgi@example.com', '$2a$10$.pRO8WyqScz/Ek7OLeeDleCY2.c0BNIDxRmuxtCXXZebAU/WP7wJm', '2026-06-12 10:35:55.466623+00', NULL, '', NULL, '', NULL, '', '', NULL, NULL, '{"provider": "email", "providers": ["email"]}', '{"email_verified": true}', NULL, '2026-06-12 10:35:55.462065+00', '2026-06-12 10:35:55.467162+00', NULL, NULL, '', '', NULL, DEFAULT, '', 0, NULL, '', NULL, false, NULL, false);
INSERT INTO auth.users VALUES ('00000000-0000-0000-0000-000000000000', 'ab81ec25-f522-443c-9b86-5d309b325646', 'authenticated', 'authenticated', 'test-r6m7nrl2@example.com', '$2a$10$uUtz.cMHB7B9KUAv/9.p6uMAq92NEaz3DdTwdFtkWXJ6Jg3FpQs7i', '2026-06-12 08:34:33.054426+00', NULL, '', NULL, '', NULL, '', '', NULL, NULL, '{"provider": "email", "providers": ["email"]}', '{"email_verified": true}', NULL, '2026-06-12 08:34:33.050623+00', '2026-06-12 08:34:33.05495+00', NULL, NULL, '', '', NULL, DEFAULT, '', 0, NULL, '', NULL, false, NULL, false);
INSERT INTO auth.users VALUES ('00000000-0000-0000-0000-000000000000', 'ab90cb87-ad0d-463d-8806-ba8a667a9cb2', 'authenticated', 'authenticated', 'test-j0qgq7cg@example.com', '$2a$10$KnRroacyur90gQIb/Eq/E.MHpOQtebD1F66astVyfZ9JKrVHatOyS', '2026-06-15 11:01:55.027187+00', NULL, '', NULL, '', NULL, '', '', NULL, NULL, '{"provider": "email", "providers": ["email"]}', '{"email_verified": true}', NULL, '2026-06-15 11:01:55.022325+00', '2026-06-15 11:01:55.027656+00', NULL, NULL, '', '', NULL, DEFAULT, '', 0, NULL, '', NULL, false, NULL, false);
INSERT INTO auth.users VALUES ('00000000-0000-0000-0000-000000000000', '2ab5e2db-56a4-4098-9a0b-03a2cb4e853a', 'authenticated', 'authenticated', 'e2e-teacher@vit.test', '$2a$10$k803ytPHGjPfCGjQ4j9Bs.dEmvodKCNywG09Nf7FZo1T/9b7V4tZe', '2026-06-15 06:06:46.569509+00', NULL, '', NULL, '', NULL, '', '', NULL, '2026-06-15 12:42:50.107871+00', '{"provider": "email", "providers": ["email"]}', '{"name": "E2E Teacher", "email_verified": true}', NULL, '2026-06-15 05:57:27.271053+00', '2026-06-15 12:42:50.109928+00', NULL, NULL, '', '', NULL, DEFAULT, '', 0, NULL, '', NULL, false, NULL, false);
INSERT INTO auth.users VALUES ('00000000-0000-0000-0000-000000000000', '92adc14b-51c0-4edf-8328-785ef7f5828c', 'authenticated', 'authenticated', 'test-9c9gye4r@example.com', '$2a$10$roa.PdsNd7VX7ekyKqkXaOI8OlDOcIy7vwOMM6ubvlbdmpx5uUnsO', '2026-06-15 04:44:18.865777+00', NULL, '', NULL, '', NULL, '', '', NULL, NULL, '{"provider": "email", "providers": ["email"]}', '{"email_verified": true}', NULL, '2026-06-15 04:44:18.860623+00', '2026-06-15 04:44:18.866364+00', NULL, NULL, '', '', NULL, DEFAULT, '', 0, NULL, '', NULL, false, NULL, false);
INSERT INTO auth.users VALUES ('00000000-0000-0000-0000-000000000000', '521cf07a-aff1-4c60-9ae0-b31e7195e4ed', 'authenticated', 'authenticated', 'test-glik00al@example.com', '$2a$10$91f3eFiAzXuYjshN64UpJ.gxAg6ZXINXW8dd.wuzIyxgGWJIPyyKS', '2026-06-15 14:34:56.915865+00', NULL, '', NULL, '', NULL, '', '', NULL, NULL, '{"provider": "email", "providers": ["email"]}', '{"email_verified": true}', NULL, '2026-06-15 14:34:56.910752+00', '2026-06-15 14:34:56.916673+00', NULL, NULL, '', '', NULL, DEFAULT, '', 0, NULL, '', NULL, false, NULL, false);
INSERT INTO auth.users VALUES ('00000000-0000-0000-0000-000000000000', '61393919-90ab-4df4-b6ac-ac6fb5b58919', 'authenticated', 'authenticated', 'test-ew5sok9n@example.com', '$2a$10$WW4nG0HmlkUJzhx29qD06uCpphZLlXk.IMQ4Dc3hAQBCyXFD99uhG', '2026-06-15 12:48:22.263909+00', NULL, '', NULL, '', NULL, '', '', NULL, NULL, '{"provider": "email", "providers": ["email"]}', '{"email_verified": true}', NULL, '2026-06-15 12:48:22.260206+00', '2026-06-15 12:48:22.264339+00', NULL, NULL, '', '', NULL, DEFAULT, '', 0, NULL, '', NULL, false, NULL, false);
INSERT INTO auth.users VALUES ('00000000-0000-0000-0000-000000000000', 'fd7f77f6-e2d7-48a1-99d5-f9b1eb9734d5', 'authenticated', 'authenticated', 'test-yctrpjcp@example.com', '$2a$10$V/Ph/s5APzNAJ/4OmZiTr.PVFqgNgkq88hjzJQAK/VVxaErHMABTO', '2026-06-15 09:20:38.350503+00', NULL, '', NULL, '', NULL, '', '', NULL, NULL, '{"provider": "email", "providers": ["email"]}', '{"email_verified": true}', NULL, '2026-06-15 09:20:38.345356+00', '2026-06-15 09:20:38.351204+00', NULL, NULL, '', '', NULL, DEFAULT, '', 0, NULL, '', NULL, false, NULL, false);
INSERT INTO auth.users VALUES ('00000000-0000-0000-0000-000000000000', '8974b237-52ab-4074-9693-2f88f0116b23', 'authenticated', 'authenticated', 'test-74hgdv31@example.com', '$2a$10$ZiBAf4ws4/6X74j8x8L.4Ol5oPRhDjqPvfW.N1scl5PxO96IMfs4e', '2026-06-15 09:20:38.159309+00', NULL, '', NULL, '', NULL, '', '', NULL, NULL, '{"provider": "email", "providers": ["email"]}', '{"email_verified": true}', NULL, '2026-06-15 09:20:38.155311+00', '2026-06-15 09:20:38.159724+00', NULL, NULL, '', '', NULL, DEFAULT, '', 0, NULL, '', NULL, false, NULL, false);
INSERT INTO auth.users VALUES ('00000000-0000-0000-0000-000000000000', '0c60a0bd-7b96-43eb-aa4e-24b5703074b0', 'authenticated', 'authenticated', 'test-3qc31l78@example.com', '$2a$10$gCmOeRuOwfyaF6Cy6pGJz.cRkYi9FHz46rqPCI3oAK1S9cMfyor6C', '2026-06-15 09:20:54.286149+00', NULL, '', NULL, '', NULL, '', '', NULL, NULL, '{"provider": "email", "providers": ["email"]}', '{"email_verified": true}', NULL, '2026-06-15 09:20:54.281657+00', '2026-06-15 09:20:54.286775+00', NULL, NULL, '', '', NULL, DEFAULT, '', 0, NULL, '', NULL, false, NULL, false);
INSERT INTO auth.users VALUES ('00000000-0000-0000-0000-000000000000', '4850f32d-985b-436b-8f80-caa0f61dfa18', 'authenticated', 'authenticated', 'test-w4g5rsln@example.com', '$2a$10$5nAGTkKWiax53iut9AAUF.zR1WATeLH0JH53RZr9OYjDFhD6yaFPG', '2026-06-15 09:20:54.444525+00', NULL, '', NULL, '', NULL, '', '', NULL, NULL, '{"provider": "email", "providers": ["email"]}', '{"email_verified": true}', NULL, '2026-06-15 09:20:54.439317+00', '2026-06-15 09:20:54.445439+00', NULL, NULL, '', '', NULL, DEFAULT, '', 0, NULL, '', NULL, false, NULL, false);
INSERT INTO auth.users VALUES ('00000000-0000-0000-0000-000000000000', 'c0ed8ec7-297f-469d-bbd0-bd1bc91b479a', 'authenticated', 'authenticated', 'test-izao79fe@example.com', '$2a$10$YVsEXKYyOG6mQlLWVG6WBO5bcM0f2YIHxP1ky.rWN2X014LeW48hC', '2026-06-15 14:34:57.162653+00', NULL, '', NULL, '', NULL, '', '', NULL, NULL, '{"provider": "email", "providers": ["email"]}', '{"email_verified": true}', NULL, '2026-06-15 14:34:57.158789+00', '2026-06-15 14:34:57.163219+00', NULL, NULL, '', '', NULL, DEFAULT, '', 0, NULL, '', NULL, false, NULL, false);


--
-- Data for Name: identities; Type: TABLE DATA; Schema: auth; Owner: -
--

INSERT INTO auth.identities VALUES ('88da8ada-bbc2-490e-b6aa-4ddb3baafc2a', '88da8ada-bbc2-490e-b6aa-4ddb3baafc2a', '{"sub": "88da8ada-bbc2-490e-b6aa-4ddb3baafc2a", "email": "devtest@vit.vn", "email_verified": false, "phone_verified": false}', 'email', '2026-06-10 03:02:22.189843+00', '2026-06-10 03:02:22.189862+00', '2026-06-10 03:02:22.189862+00', DEFAULT, 'ad56ef61-880f-4761-83df-ca1fe0906de3');
INSERT INTO auth.identities VALUES ('8974b237-52ab-4074-9693-2f88f0116b23', '8974b237-52ab-4074-9693-2f88f0116b23', '{"sub": "8974b237-52ab-4074-9693-2f88f0116b23", "email": "test-74hgdv31@example.com", "email_verified": false, "phone_verified": false}', 'email', '2026-06-15 09:20:38.157662+00', '2026-06-15 09:20:38.157688+00', '2026-06-15 09:20:38.157688+00', DEFAULT, '4c6ce597-fbf8-4114-a0a1-42ee4adfb9e0');
INSERT INTO auth.identities VALUES ('4e6d32e5-4ce9-4088-8b0e-e4414cb725b1', '4e6d32e5-4ce9-4088-8b0e-e4414cb725b1', '{"sub": "4e6d32e5-4ce9-4088-8b0e-e4414cb725b1", "email": "test-y61pog8e@example.com", "email_verified": false, "phone_verified": false}', 'email', '2026-06-12 10:35:43.090933+00', '2026-06-12 10:35:43.090968+00', '2026-06-12 10:35:43.090968+00', DEFAULT, 'a6db270a-f935-4132-9135-77516b9886b2');
INSERT INTO auth.identities VALUES ('4ebe2ab1-659c-4734-82bd-066605c6eefc', '4ebe2ab1-659c-4734-82bd-066605c6eefc', '{"sub": "4ebe2ab1-659c-4734-82bd-066605c6eefc", "email": "test-o6o3uadl@example.com", "email_verified": false, "phone_verified": false}', 'email', '2026-06-12 10:35:43.23009+00', '2026-06-12 10:35:43.230114+00', '2026-06-12 10:35:43.230114+00', DEFAULT, '34b769d0-2616-46cb-89bb-b8d9cbc1b867');
INSERT INTO auth.identities VALUES ('6167ac6b-ddef-4021-81d2-374abf7965c9', '6167ac6b-ddef-4021-81d2-374abf7965c9', '{"sub": "6167ac6b-ddef-4021-81d2-374abf7965c9", "email": "test-26cnoff8@example.com", "email_verified": false, "phone_verified": false}', 'email', '2026-06-10 07:13:41.546808+00', '2026-06-10 07:13:41.546845+00', '2026-06-10 07:13:41.546845+00', DEFAULT, 'c31f57dc-7da8-4d79-a5c2-4fc78befcb69');
INSERT INTO auth.identities VALUES ('51e42d3b-674b-4c07-a7ab-d38a911d5b08', '51e42d3b-674b-4c07-a7ab-d38a911d5b08', '{"sub": "51e42d3b-674b-4c07-a7ab-d38a911d5b08", "email": "test-2ta27j0d@example.com", "email_verified": false, "phone_verified": false}', 'email', '2026-06-11 07:12:37.005214+00', '2026-06-11 07:12:37.005248+00', '2026-06-11 07:12:37.005248+00', DEFAULT, '180c5019-2599-4584-b5b2-49501e55a54e');
INSERT INTO auth.identities VALUES ('c087c1ad-9d82-4e75-a508-7f55596e3003', 'c087c1ad-9d82-4e75-a508-7f55596e3003', '{"sub": "c087c1ad-9d82-4e75-a508-7f55596e3003", "email": "test-wmrrv67n@example.com", "email_verified": false, "phone_verified": false}', 'email', '2026-06-10 07:13:41.714012+00', '2026-06-10 07:13:41.714048+00', '2026-06-10 07:13:41.714048+00', DEFAULT, 'ddfd1262-b760-44cc-a989-ef31ac2d4dc9');
INSERT INTO auth.identities VALUES ('0644aa6f-e3fb-485d-b8e1-0f0b3bb83a94', '0644aa6f-e3fb-485d-b8e1-0f0b3bb83a94', '{"sub": "0644aa6f-e3fb-485d-b8e1-0f0b3bb83a94", "email": "test-a2mauabl@example.com", "email_verified": false, "phone_verified": false}', 'email', '2026-06-11 07:12:37.17651+00', '2026-06-11 07:12:37.17653+00', '2026-06-11 07:12:37.17653+00', DEFAULT, '0de7ef66-c116-4572-afb4-3875ed724423');
INSERT INTO auth.identities VALUES ('1d835d6c-3176-4ffc-87fe-6729768ca6ca', '1d835d6c-3176-4ffc-87fe-6729768ca6ca', '{"sub": "1d835d6c-3176-4ffc-87fe-6729768ca6ca", "email": "test-papxjyr5@example.com", "email_verified": false, "phone_verified": false}', 'email', '2026-06-10 07:13:53.084294+00', '2026-06-10 07:13:53.084333+00', '2026-06-10 07:13:53.084333+00', DEFAULT, '22fc53c1-a085-4116-bbda-b44353949604');
INSERT INTO auth.identities VALUES ('d373bc0f-6676-4960-b418-9b6d820c84f1', 'd373bc0f-6676-4960-b418-9b6d820c84f1', '{"sub": "d373bc0f-6676-4960-b418-9b6d820c84f1", "email": "test-x5fupsrz@example.com", "email_verified": false, "phone_verified": false}', 'email', '2026-06-10 07:13:53.320217+00', '2026-06-10 07:13:53.320286+00', '2026-06-10 07:13:53.320286+00', DEFAULT, 'c7e4ad32-a245-42d9-9f57-15f2bdf9ac71');
INSERT INTO auth.identities VALUES ('dd1cb047-9eee-4053-904c-01dde201779b', 'dd1cb047-9eee-4053-904c-01dde201779b', '{"sub": "dd1cb047-9eee-4053-904c-01dde201779b", "email": "test-9vy9i0wl@example.com", "email_verified": false, "phone_verified": false}', 'email', '2026-06-12 10:38:39.057291+00', '2026-06-12 10:38:39.057313+00', '2026-06-12 10:38:39.057313+00', DEFAULT, '7c6ce4c8-1dae-45fa-a4f5-ff9ab57f092e');
INSERT INTO auth.identities VALUES ('93c6596f-f2ae-4163-b713-ffa02c8db9f2', '93c6596f-f2ae-4163-b713-ffa02c8db9f2', '{"sub": "93c6596f-f2ae-4163-b713-ffa02c8db9f2", "email": "test-tkmyw2wz@example.com", "email_verified": false, "phone_verified": false}', 'email', '2026-06-10 07:42:06.890433+00', '2026-06-10 07:42:06.890458+00', '2026-06-10 07:42:06.890458+00', DEFAULT, '82a5d248-fcb7-4815-b7c3-179787da35c4');
INSERT INTO auth.identities VALUES ('2b0eeda7-58ae-4ce3-b2ec-d18918c090db', '2b0eeda7-58ae-4ce3-b2ec-d18918c090db', '{"sub": "2b0eeda7-58ae-4ce3-b2ec-d18918c090db", "email": "test-avejzhqe@example.com", "email_verified": false, "phone_verified": false}', 'email', '2026-06-10 07:42:07.119786+00', '2026-06-10 07:42:07.119806+00', '2026-06-10 07:42:07.119806+00', DEFAULT, 'e660c400-3e07-4eab-8514-16c76a157650');
INSERT INTO auth.identities VALUES ('cef7cd5d-1aaf-42a6-b382-d22627cb4fc8', 'cef7cd5d-1aaf-42a6-b382-d22627cb4fc8', '{"sub": "cef7cd5d-1aaf-42a6-b382-d22627cb4fc8", "email": "test-e2fs3wbm@example.com", "email_verified": false, "phone_verified": false}', 'email', '2026-06-10 08:41:45.918945+00', '2026-06-10 08:41:45.918966+00', '2026-06-10 08:41:45.918966+00', DEFAULT, '7d1a242f-193e-449e-b1cd-012f9fb12b22');
INSERT INTO auth.identities VALUES ('a455ceda-8e58-4be7-bbc1-efb31ee0fd08', 'a455ceda-8e58-4be7-bbc1-efb31ee0fd08', '{"sub": "a455ceda-8e58-4be7-bbc1-efb31ee0fd08", "email": "test-p37wb4hp@example.com", "email_verified": false, "phone_verified": false}', 'email', '2026-06-10 08:41:46.124961+00', '2026-06-10 08:41:46.124986+00', '2026-06-10 08:41:46.124986+00', DEFAULT, '0b05be4a-2712-4200-8334-97249138efe9');
INSERT INTO auth.identities VALUES ('86845fee-e421-4c81-a2f2-8a3a29c9ce84', '86845fee-e421-4c81-a2f2-8a3a29c9ce84', '{"sub": "86845fee-e421-4c81-a2f2-8a3a29c9ce84", "email": "test-wep40ydt@example.com", "email_verified": false, "phone_verified": false}', 'email', '2026-06-10 08:57:39.45508+00', '2026-06-10 08:57:39.45511+00', '2026-06-10 08:57:39.45511+00', DEFAULT, 'e38355fc-d0c4-4e02-9b59-9ef49c605b97');
INSERT INTO auth.identities VALUES ('a6fe561b-f6ab-45e6-998d-86a558d1cc8a', 'a6fe561b-f6ab-45e6-998d-86a558d1cc8a', '{"sub": "a6fe561b-f6ab-45e6-998d-86a558d1cc8a", "email": "test-zfx0kunx@example.com", "email_verified": false, "phone_verified": false}', 'email', '2026-06-10 08:57:39.610903+00', '2026-06-10 08:57:39.610936+00', '2026-06-10 08:57:39.610936+00', DEFAULT, 'd4929404-ff13-49ae-8075-e1612ea8764c');
INSERT INTO auth.identities VALUES ('81f4b8fc-e720-4d89-98b0-bcf097bdfaca', '81f4b8fc-e720-4d89-98b0-bcf097bdfaca', '{"sub": "81f4b8fc-e720-4d89-98b0-bcf097bdfaca", "email": "test-rohgf14a@example.com", "email_verified": false, "phone_verified": false}', 'email', '2026-06-10 09:22:08.668846+00', '2026-06-10 09:22:08.668882+00', '2026-06-10 09:22:08.668882+00', DEFAULT, '2ba752b7-bf6f-4489-9426-3d6bfb434ca9');
INSERT INTO auth.identities VALUES ('0f46acd1-a9e9-422d-9c01-0786afc89569', '0f46acd1-a9e9-422d-9c01-0786afc89569', '{"sub": "0f46acd1-a9e9-422d-9c01-0786afc89569", "email": "test-20a87854@example.com", "email_verified": false, "phone_verified": false}', 'email', '2026-06-10 09:22:08.797852+00', '2026-06-10 09:22:08.797875+00', '2026-06-10 09:22:08.797875+00', DEFAULT, 'aa8a62f8-3a52-40af-9c17-95837ac74468');
INSERT INTO auth.identities VALUES ('b8e75893-8a40-4eb3-b10f-14c58eb27ab3', 'b8e75893-8a40-4eb3-b10f-14c58eb27ab3', '{"sub": "b8e75893-8a40-4eb3-b10f-14c58eb27ab3", "email": "test-5nn1cdys@example.com", "email_verified": false, "phone_verified": false}', 'email', '2026-06-10 09:35:03.633999+00', '2026-06-10 09:35:03.634029+00', '2026-06-10 09:35:03.634029+00', DEFAULT, 'cb1a1613-e310-4f70-aebb-e532fd49c743');
INSERT INTO auth.identities VALUES ('13962f3e-be85-4f80-b48e-869f4620c5e0', '13962f3e-be85-4f80-b48e-869f4620c5e0', '{"sub": "13962f3e-be85-4f80-b48e-869f4620c5e0", "email": "test-yg8vip2k@example.com", "email_verified": false, "phone_verified": false}', 'email', '2026-06-10 09:35:03.887631+00', '2026-06-10 09:35:03.887671+00', '2026-06-10 09:35:03.887671+00', DEFAULT, '6420fe72-ab7b-4580-955d-459d0d0be7ea');
INSERT INTO auth.identities VALUES ('973c1068-259a-45b5-a5c0-9c18141b145f', '973c1068-259a-45b5-a5c0-9c18141b145f', '{"sub": "973c1068-259a-45b5-a5c0-9c18141b145f", "email": "teacher@vit.vn", "email_verified": false, "phone_verified": false}', 'email', '2026-06-11 06:47:35.183525+00', '2026-06-11 06:47:35.18355+00', '2026-06-11 06:47:35.18355+00', DEFAULT, 'fdd9c175-456b-44ed-870c-d8953e524a3b');
INSERT INTO auth.identities VALUES ('a49f7e76-69b9-441c-8137-f98a935d956b', 'a49f7e76-69b9-441c-8137-f98a935d956b', '{"sub": "a49f7e76-69b9-441c-8137-f98a935d956b", "email": "test-pe535egy@example.com", "email_verified": false, "phone_verified": false}', 'email', '2026-06-11 06:51:19.609422+00', '2026-06-11 06:51:19.609455+00', '2026-06-11 06:51:19.609455+00', DEFAULT, 'a492b889-2da9-4257-9155-64cb4d832e90');
INSERT INTO auth.identities VALUES ('f744c878-8a6d-472f-b1c1-971ad771f3f5', 'f744c878-8a6d-472f-b1c1-971ad771f3f5', '{"sub": "f744c878-8a6d-472f-b1c1-971ad771f3f5", "email": "test-c8r6808h@example.com", "email_verified": false, "phone_verified": false}', 'email', '2026-06-11 06:51:19.759021+00', '2026-06-11 06:51:19.759051+00', '2026-06-11 06:51:19.759051+00', DEFAULT, '2a1029f6-0ace-48b1-b4c7-04366c26f40f');
INSERT INTO auth.identities VALUES ('48394223-2b58-4c9c-a23a-67bb52ef449e', '48394223-2b58-4c9c-a23a-67bb52ef449e', '{"sub": "48394223-2b58-4c9c-a23a-67bb52ef449e", "email": "test-3kasvt6c@example.com", "email_verified": false, "phone_verified": false}', 'email', '2026-06-11 07:33:44.765042+00', '2026-06-11 07:33:44.765069+00', '2026-06-11 07:33:44.765069+00', DEFAULT, '3e455adb-4353-4e79-a0b7-49563f8b7202');
INSERT INTO auth.identities VALUES ('ece4a35c-b493-4955-a493-f16c184928ea', 'ece4a35c-b493-4955-a493-f16c184928ea', '{"sub": "ece4a35c-b493-4955-a493-f16c184928ea", "email": "test-lkwkmcw2@example.com", "email_verified": false, "phone_verified": false}', 'email', '2026-06-11 07:33:44.936997+00', '2026-06-11 07:33:44.937018+00', '2026-06-11 07:33:44.937018+00', DEFAULT, '2078983a-0cd4-4667-a783-9377113cc849');
INSERT INTO auth.identities VALUES ('0c60a0bd-7b96-43eb-aa4e-24b5703074b0', '0c60a0bd-7b96-43eb-aa4e-24b5703074b0', '{"sub": "0c60a0bd-7b96-43eb-aa4e-24b5703074b0", "email": "test-3qc31l78@example.com", "email_verified": false, "phone_verified": false}', 'email', '2026-06-15 09:20:54.284044+00', '2026-06-15 09:20:54.284081+00', '2026-06-15 09:20:54.284081+00', DEFAULT, '300f9064-abc8-4f64-a144-62cd40a91540');
INSERT INTO auth.identities VALUES ('4850f32d-985b-436b-8f80-caa0f61dfa18', '4850f32d-985b-436b-8f80-caa0f61dfa18', '{"sub": "4850f32d-985b-436b-8f80-caa0f61dfa18", "email": "test-w4g5rsln@example.com", "email_verified": false, "phone_verified": false}', 'email', '2026-06-15 09:20:54.441849+00', '2026-06-15 09:20:54.441873+00', '2026-06-15 09:20:54.441873+00', DEFAULT, 'b9f8b09a-8510-4d38-866d-041c29a89a09');
INSERT INTO auth.identities VALUES ('5280d776-928d-4e08-a373-3ff9ce1dd681', '5280d776-928d-4e08-a373-3ff9ce1dd681', '{"sub": "5280d776-928d-4e08-a373-3ff9ce1dd681", "email": "test-gblmid9i@example.com", "email_verified": false, "phone_verified": false}', 'email', '2026-06-12 10:35:55.318714+00', '2026-06-12 10:35:55.318734+00', '2026-06-12 10:35:55.318734+00', DEFAULT, '3475b524-c059-456d-bc84-eaa266e4e94b');
INSERT INTO auth.identities VALUES ('e9536f85-f63c-4936-bae8-a3fc08ef1413', 'e9536f85-f63c-4936-bae8-a3fc08ef1413', '{"sub": "e9536f85-f63c-4936-bae8-a3fc08ef1413", "email": "test-x1yhgkgi@example.com", "email_verified": false, "phone_verified": false}', 'email', '2026-06-12 10:35:55.464482+00', '2026-06-12 10:35:55.464514+00', '2026-06-12 10:35:55.464514+00', DEFAULT, '33b370e0-2e5f-4c53-8bc5-aa4925747e47');
INSERT INTO auth.identities VALUES ('b18518da-2ebf-4f62-bc6b-a520701e5aba', 'b18518da-2ebf-4f62-bc6b-a520701e5aba', '{"sub": "b18518da-2ebf-4f62-bc6b-a520701e5aba", "email": "test-t8ifxub8@example.com", "email_verified": false, "phone_verified": false}', 'email', '2026-06-11 07:39:15.397603+00', '2026-06-11 07:39:15.397622+00', '2026-06-11 07:39:15.397622+00', DEFAULT, 'd833f6f8-ac83-44c8-8c3b-e940c3faa474');
INSERT INTO auth.identities VALUES ('d1f93e95-5210-42eb-8695-b5c22bf0d680', 'd1f93e95-5210-42eb-8695-b5c22bf0d680', '{"sub": "d1f93e95-5210-42eb-8695-b5c22bf0d680", "email": "test-dyrux9qr@example.com", "email_verified": false, "phone_verified": false}', 'email', '2026-06-11 07:39:15.822063+00', '2026-06-11 07:39:15.822084+00', '2026-06-11 07:39:15.822084+00', DEFAULT, 'd6bf61e3-e0ce-4fac-a6cb-3c570c8ea2f5');
INSERT INTO auth.identities VALUES ('d04360b2-7567-45aa-803e-99e907406663', 'd04360b2-7567-45aa-803e-99e907406663', '{"sub": "d04360b2-7567-45aa-803e-99e907406663", "email": "test-vla5sxz0@example.com", "email_verified": false, "phone_verified": false}', 'email', '2026-06-12 10:38:39.252491+00', '2026-06-12 10:38:39.252528+00', '2026-06-12 10:38:39.252528+00', DEFAULT, 'f72999c0-1584-40b3-bbb7-765ccccfba33');
INSERT INTO auth.identities VALUES ('36692875-cd79-440a-92f1-6e72e7a93a5a', '36692875-cd79-440a-92f1-6e72e7a93a5a', '{"sub": "36692875-cd79-440a-92f1-6e72e7a93a5a", "email": "test-1yk622j2@example.com", "email_verified": false, "phone_verified": false}', 'email', '2026-06-11 07:53:02.714956+00', '2026-06-11 07:53:02.714984+00', '2026-06-11 07:53:02.714984+00', DEFAULT, 'ed22a528-9b93-436c-8de0-fc3890f8c1e2');
INSERT INTO auth.identities VALUES ('9079f2c3-919a-495c-b325-eca4f0215d7a', '9079f2c3-919a-495c-b325-eca4f0215d7a', '{"sub": "9079f2c3-919a-495c-b325-eca4f0215d7a", "email": "test-g5e4ag7a@example.com", "email_verified": false, "phone_verified": false}', 'email', '2026-06-11 07:53:02.882265+00', '2026-06-11 07:53:02.882311+00', '2026-06-11 07:53:02.882311+00', DEFAULT, 'f8c1c982-2b9a-4e1b-9103-1284880e307d');
INSERT INTO auth.identities VALUES ('ba293401-7bf7-4a06-b168-aa8b3dc9e8f6', 'ba293401-7bf7-4a06-b168-aa8b3dc9e8f6', '{"sub": "ba293401-7bf7-4a06-b168-aa8b3dc9e8f6", "email": "admin@vit.vn", "email_verified": false, "phone_verified": false}', 'email', '2026-06-11 07:57:18.271536+00', '2026-06-11 07:57:18.271559+00', '2026-06-11 07:57:18.271559+00', DEFAULT, '91e5fd84-84a5-48de-a71e-3cc2b8e4b2c7');
INSERT INTO auth.identities VALUES ('6bce7472-4ba6-4f0d-a413-36db5ba3fad8', '6bce7472-4ba6-4f0d-a413-36db5ba3fad8', '{"sub": "6bce7472-4ba6-4f0d-a413-36db5ba3fad8", "email": "test-6excnukx@example.com", "email_verified": false, "phone_verified": false}', 'email', '2026-06-15 04:44:18.77533+00', '2026-06-15 04:44:18.775357+00', '2026-06-15 04:44:18.775357+00', DEFAULT, '15314268-e8ab-4e83-9180-1c16dbd21915');
INSERT INTO auth.identities VALUES ('92adc14b-51c0-4edf-8328-785ef7f5828c', '92adc14b-51c0-4edf-8328-785ef7f5828c', '{"sub": "92adc14b-51c0-4edf-8328-785ef7f5828c", "email": "test-9c9gye4r@example.com", "email_verified": false, "phone_verified": false}', 'email', '2026-06-15 04:44:18.863141+00', '2026-06-15 04:44:18.863181+00', '2026-06-15 04:44:18.863181+00', DEFAULT, 'c3fe8862-8079-4593-ba9e-e6d869f00685');
INSERT INTO auth.identities VALUES ('f168de7a-f114-43da-abc9-9b76041e1b31', 'f168de7a-f114-43da-abc9-9b76041e1b31', '{"sub": "f168de7a-f114-43da-abc9-9b76041e1b31", "email": "test-thyuldby@example.com", "email_verified": false, "phone_verified": false}', 'email', '2026-06-11 08:22:55.315308+00', '2026-06-11 08:22:55.315337+00', '2026-06-11 08:22:55.315337+00', DEFAULT, '393ad4a8-e82e-47f3-ae30-f5460ecc4c61');
INSERT INTO auth.identities VALUES ('bce28c8a-8c03-47e7-9521-50f5d95e5d8a', 'bce28c8a-8c03-47e7-9521-50f5d95e5d8a', '{"sub": "bce28c8a-8c03-47e7-9521-50f5d95e5d8a", "email": "test-hk2razbj@example.com", "email_verified": false, "phone_verified": false}', 'email', '2026-06-11 08:22:55.476702+00', '2026-06-11 08:22:55.476741+00', '2026-06-11 08:22:55.476741+00', DEFAULT, '5c01119d-a078-4227-9f45-fa6eeea8ba09');
INSERT INTO auth.identities VALUES ('98374dd4-d18a-434e-b207-065af43461b6', '98374dd4-d18a-434e-b207-065af43461b6', '{"sub": "98374dd4-d18a-434e-b207-065af43461b6", "email": "test-ptq1kinh@example.com", "email_verified": false, "phone_verified": false}', 'email', '2026-06-12 04:54:48.729173+00', '2026-06-12 04:54:48.729205+00', '2026-06-12 04:54:48.729205+00', DEFAULT, '87fd4239-93ee-4eaa-937f-5708374f6e8a');
INSERT INTO auth.identities VALUES ('2ab5e2db-56a4-4098-9a0b-03a2cb4e853a', '2ab5e2db-56a4-4098-9a0b-03a2cb4e853a', '{"sub": "2ab5e2db-56a4-4098-9a0b-03a2cb4e853a", "email": "e2e-teacher@vit.test", "email_verified": false, "phone_verified": false}', 'email', '2026-06-15 05:57:27.273618+00', '2026-06-15 05:57:27.27364+00', '2026-06-15 05:57:27.27364+00', DEFAULT, '1e419248-763b-4390-9311-982154af044e');
INSERT INTO auth.identities VALUES ('f6249401-4b33-4285-9c63-b830df5c2627', 'f6249401-4b33-4285-9c63-b830df5c2627', '{"sub": "f6249401-4b33-4285-9c63-b830df5c2627", "email": "test-8dmrvpa6@example.com", "email_verified": false, "phone_verified": false}', 'email', '2026-06-12 04:54:48.98371+00', '2026-06-12 04:54:48.983732+00', '2026-06-12 04:54:48.983732+00', DEFAULT, '7d38efaf-da8a-47d3-b553-5d1e757c7799');
INSERT INTO auth.identities VALUES ('38978516-b87f-4d93-b98b-e7fac36b1663', '38978516-b87f-4d93-b98b-e7fac36b1663', '{"sub": "38978516-b87f-4d93-b98b-e7fac36b1663", "email": "test-9iyngw8h@example.com", "email_verified": false, "phone_verified": false}', 'email', '2026-06-12 06:58:10.356669+00', '2026-06-12 06:58:10.356692+00', '2026-06-12 06:58:10.356692+00', DEFAULT, '1b6ea410-f1ba-4868-b1f8-a3679c8df287');
INSERT INTO auth.identities VALUES ('6d63fe39-c26a-41b9-a7e7-9ce1a4e45a14', '6d63fe39-c26a-41b9-a7e7-9ce1a4e45a14', '{"sub": "6d63fe39-c26a-41b9-a7e7-9ce1a4e45a14", "email": "test-eu78wdly@example.com", "email_verified": false, "phone_verified": false}', 'email', '2026-06-12 06:58:10.477965+00', '2026-06-12 06:58:10.478002+00', '2026-06-12 06:58:10.478002+00', DEFAULT, '82350cba-6dd0-4298-90da-9fe9d881da4d');
INSERT INTO auth.identities VALUES ('6d563ba6-51d0-4c76-9e99-e9175eeff6ab', '6d563ba6-51d0-4c76-9e99-e9175eeff6ab', '{"sub": "6d563ba6-51d0-4c76-9e99-e9175eeff6ab", "email": "test-pwsegwo0@example.com", "email_verified": false, "phone_verified": false}', 'email', '2026-06-12 08:34:32.80188+00', '2026-06-12 08:34:32.801911+00', '2026-06-12 08:34:32.801911+00', DEFAULT, '90a5c667-9335-4397-b858-6f2cfabbc759');
INSERT INTO auth.identities VALUES ('ab81ec25-f522-443c-9b86-5d309b325646', 'ab81ec25-f522-443c-9b86-5d309b325646', '{"sub": "ab81ec25-f522-443c-9b86-5d309b325646", "email": "test-r6m7nrl2@example.com", "email_verified": false, "phone_verified": false}', 'email', '2026-06-12 08:34:33.052585+00', '2026-06-12 08:34:33.052607+00', '2026-06-12 08:34:33.052607+00', DEFAULT, '5cdfe5c2-386d-4c73-8c57-d58a3c435108');
INSERT INTO auth.identities VALUES ('abc87a59-b6c6-494c-a153-6a8433ffc039', 'abc87a59-b6c6-494c-a153-6a8433ffc039', '{"sub": "abc87a59-b6c6-494c-a153-6a8433ffc039", "email": "test-mwzbulhk@example.com", "email_verified": false, "phone_verified": false}', 'email', '2026-06-15 06:55:55.555875+00', '2026-06-15 06:55:55.555893+00', '2026-06-15 06:55:55.555893+00', DEFAULT, 'f0876310-11e0-4f0d-a143-dc5119ed4784');
INSERT INTO auth.identities VALUES ('27f93b3a-6479-4e8e-8a07-886d31c08138', '27f93b3a-6479-4e8e-8a07-886d31c08138', '{"sub": "27f93b3a-6479-4e8e-8a07-886d31c08138", "email": "test-livv72ol@example.com", "email_verified": false, "phone_verified": false}', 'email', '2026-06-15 06:55:55.916167+00', '2026-06-15 06:55:55.916213+00', '2026-06-15 06:55:55.916213+00', DEFAULT, '8f28aadc-695f-4474-b999-d3b190ed6134');
INSERT INTO auth.identities VALUES ('fd7f77f6-e2d7-48a1-99d5-f9b1eb9734d5', 'fd7f77f6-e2d7-48a1-99d5-f9b1eb9734d5', '{"sub": "fd7f77f6-e2d7-48a1-99d5-f9b1eb9734d5", "email": "test-yctrpjcp@example.com", "email_verified": false, "phone_verified": false}', 'email', '2026-06-15 09:20:38.348028+00', '2026-06-15 09:20:38.348063+00', '2026-06-15 09:20:38.348063+00', DEFAULT, 'fc8bee09-aa8c-4b41-ae15-44ca6f3438db');
INSERT INTO auth.identities VALUES ('f9b32ed9-0fd0-41ed-99b2-0e4d000a0c74', 'f9b32ed9-0fd0-41ed-99b2-0e4d000a0c74', '{"sub": "f9b32ed9-0fd0-41ed-99b2-0e4d000a0c74", "email": "test-pudoq2lg@example.com", "email_verified": false, "phone_verified": false}', 'email', '2026-06-15 08:07:41.0642+00', '2026-06-15 08:07:41.064711+00', '2026-06-15 08:07:41.064711+00', DEFAULT, 'b1ee3037-64cf-4b9c-a4ab-b67a706ab772');
INSERT INTO auth.identities VALUES ('b799123f-d85d-4779-831d-f39ff521abe5', 'b799123f-d85d-4779-831d-f39ff521abe5', '{"sub": "b799123f-d85d-4779-831d-f39ff521abe5", "email": "test-7vhibfq4@example.com", "email_verified": false, "phone_verified": false}', 'email', '2026-06-15 09:50:02.060644+00', '2026-06-15 09:50:02.060674+00', '2026-06-15 09:50:02.060674+00', DEFAULT, '56e3c30e-c251-4a85-98b6-8bb777644393');
INSERT INTO auth.identities VALUES ('dbed1dda-a14a-4434-b7f1-728473f00540', 'dbed1dda-a14a-4434-b7f1-728473f00540', '{"sub": "dbed1dda-a14a-4434-b7f1-728473f00540", "email": "test-h62z8oqc@example.com", "email_verified": false, "phone_verified": false}', 'email', '2026-06-15 08:07:41.277623+00', '2026-06-15 08:07:41.27767+00', '2026-06-15 08:07:41.27767+00', DEFAULT, '71746d04-e997-4629-80ab-797145a9c3c4');
INSERT INTO auth.identities VALUES ('511a217d-8198-4f09-95f2-30b1ad8964ae', '511a217d-8198-4f09-95f2-30b1ad8964ae', '{"sub": "511a217d-8198-4f09-95f2-30b1ad8964ae", "email": "test-l2dn7tu8@example.com", "email_verified": false, "phone_verified": false}', 'email', '2026-06-15 09:50:02.311551+00', '2026-06-15 09:50:02.311581+00', '2026-06-15 09:50:02.311581+00', DEFAULT, '16233e3e-d940-4f08-a584-6d3498a34354');
INSERT INTO auth.identities VALUES ('ab90cb87-ad0d-463d-8806-ba8a667a9cb2', 'ab90cb87-ad0d-463d-8806-ba8a667a9cb2', '{"sub": "ab90cb87-ad0d-463d-8806-ba8a667a9cb2", "email": "test-j0qgq7cg@example.com", "email_verified": false, "phone_verified": false}', 'email', '2026-06-15 11:01:55.02456+00', '2026-06-15 11:01:55.024595+00', '2026-06-15 11:01:55.024595+00', DEFAULT, '639e9763-4e8d-4e0e-9de5-fa3718bd3d7d');
INSERT INTO auth.identities VALUES ('02602731-a95f-4d0d-8d7c-023174b9576e', '02602731-a95f-4d0d-8d7c-023174b9576e', '{"sub": "02602731-a95f-4d0d-8d7c-023174b9576e", "email": "test-j2h9haow@example.com", "email_verified": false, "phone_verified": false}', 'email', '2026-06-15 11:01:55.168361+00', '2026-06-15 11:01:55.168386+00', '2026-06-15 11:01:55.168386+00', DEFAULT, 'b36f382c-28a3-4181-8493-694fcf06b329');
INSERT INTO auth.identities VALUES ('61393919-90ab-4df4-b6ac-ac6fb5b58919', '61393919-90ab-4df4-b6ac-ac6fb5b58919', '{"sub": "61393919-90ab-4df4-b6ac-ac6fb5b58919", "email": "test-ew5sok9n@example.com", "email_verified": false, "phone_verified": false}', 'email', '2026-06-15 12:48:22.262186+00', '2026-06-15 12:48:22.262208+00', '2026-06-15 12:48:22.262208+00', DEFAULT, '7c00825c-1af1-43ce-a276-80d1aabf7d19');
INSERT INTO auth.identities VALUES ('1ac8d9e4-ffcc-4b7a-87a0-414f626eeabb', '1ac8d9e4-ffcc-4b7a-87a0-414f626eeabb', '{"sub": "1ac8d9e4-ffcc-4b7a-87a0-414f626eeabb", "email": "test-stbubo01@example.com", "email_verified": false, "phone_verified": false}', 'email', '2026-06-15 12:48:22.610355+00', '2026-06-15 12:48:22.610373+00', '2026-06-15 12:48:22.610373+00', DEFAULT, '47032b24-c4cc-4ed8-af49-8e2da1ecdec6');
INSERT INTO auth.identities VALUES ('521cf07a-aff1-4c60-9ae0-b31e7195e4ed', '521cf07a-aff1-4c60-9ae0-b31e7195e4ed', '{"sub": "521cf07a-aff1-4c60-9ae0-b31e7195e4ed", "email": "test-glik00al@example.com", "email_verified": false, "phone_verified": false}', 'email', '2026-06-15 14:34:56.913352+00', '2026-06-15 14:34:56.913401+00', '2026-06-15 14:34:56.913401+00', DEFAULT, 'd69fde34-a7ce-4062-82d7-819706bf35fc');
INSERT INTO auth.identities VALUES ('c0ed8ec7-297f-469d-bbd0-bd1bc91b479a', 'c0ed8ec7-297f-469d-bbd0-bd1bc91b479a', '{"sub": "c0ed8ec7-297f-469d-bbd0-bd1bc91b479a", "email": "test-izao79fe@example.com", "email_verified": false, "phone_verified": false}', 'email', '2026-06-15 14:34:57.161079+00', '2026-06-15 14:34:57.161103+00', '2026-06-15 14:34:57.161103+00', DEFAULT, '5d3099dc-90a2-4df0-aa02-67f7af002b92');


--
-- Data for Name: sessions; Type: TABLE DATA; Schema: auth; Owner: -
--

INSERT INTO auth.sessions VALUES ('aec0264b-90c4-4c59-a4c7-b3e8488afd4d', 'ba293401-7bf7-4a06-b168-aa8b3dc9e8f6', '2026-06-11 08:56:51.594481+00', '2026-06-11 08:56:51.594481+00', NULL, 'aal1', NULL, NULL, 'Mozilla/5.0 (Windows NT 10.0; Win64; x64) AppleWebKit/537.36 (KHTML, like Gecko) Chrome/149.0.0.0 Safari/537.36', '172.21.0.1', NULL, NULL, NULL, NULL, NULL);
INSERT INTO auth.sessions VALUES ('085d729e-0a88-4c9a-bb19-66897c3187d2', 'ba293401-7bf7-4a06-b168-aa8b3dc9e8f6', '2026-06-12 04:18:33.92553+00', '2026-06-12 04:18:33.92553+00', NULL, 'aal1', NULL, NULL, 'Mozilla/5.0 (Windows NT 10.0; Win64; x64) AppleWebKit/537.36 (KHTML, like Gecko) Chrome/148.0.7778.96 Safari/537.36', '172.21.0.1', NULL, NULL, NULL, NULL, NULL);
INSERT INTO auth.sessions VALUES ('13108efd-6a3f-4f88-8853-763c4361d7e8', 'ba293401-7bf7-4a06-b168-aa8b3dc9e8f6', '2026-06-11 08:19:10.02353+00', '2026-06-12 04:20:14.484974+00', NULL, 'aal1', NULL, '2026-06-12 04:20:14.48491', 'node', '172.21.0.1', NULL, NULL, NULL, NULL, NULL);
INSERT INTO auth.sessions VALUES ('741b1366-7064-4bd9-a505-a1018ef0a861', 'ba293401-7bf7-4a06-b168-aa8b3dc9e8f6', '2026-06-12 03:38:19.024326+00', '2026-06-12 03:38:19.024326+00', NULL, 'aal1', NULL, NULL, 'Mozilla/5.0 (Windows NT 10.0; Win64; x64) AppleWebKit/537.36 (KHTML, like Gecko) Chrome/148.0.7778.96 Safari/537.36', '172.21.0.1', NULL, NULL, NULL, NULL, NULL);
INSERT INTO auth.sessions VALUES ('f889279d-44c5-4013-9b38-1bff5863f384', 'ba293401-7bf7-4a06-b168-aa8b3dc9e8f6', '2026-06-12 03:39:35.868276+00', '2026-06-12 03:39:35.868276+00', NULL, 'aal1', NULL, NULL, 'Mozilla/5.0 (Windows NT 10.0; Win64; x64) AppleWebKit/537.36 (KHTML, like Gecko) Chrome/148.0.7778.96 Safari/537.36', '172.21.0.1', NULL, NULL, NULL, NULL, NULL);
INSERT INTO auth.sessions VALUES ('a9fc1040-14d9-477d-883e-dd2eaaa6aaa7', 'ba293401-7bf7-4a06-b168-aa8b3dc9e8f6', '2026-06-12 03:41:23.146635+00', '2026-06-12 03:41:23.146635+00', NULL, 'aal1', NULL, NULL, 'Mozilla/5.0 (Linux; Android 14; Pixel 7) AppleWebKit/537.36 (KHTML, like Gecko) Chrome/148.0.7778.96 Mobile Safari/537.36', '172.21.0.1', NULL, NULL, NULL, NULL, NULL);
INSERT INTO auth.sessions VALUES ('4f99dfd9-c06c-45ad-93cf-6170f6b12ef9', 'ba293401-7bf7-4a06-b168-aa8b3dc9e8f6', '2026-06-12 03:41:23.179439+00', '2026-06-12 03:41:23.179439+00', NULL, 'aal1', NULL, NULL, 'Mozilla/5.0 (Windows NT 10.0; Win64; x64) AppleWebKit/537.36 (KHTML, like Gecko) Chrome/148.0.7778.96 Safari/537.36', '172.21.0.1', NULL, NULL, NULL, NULL, NULL);
INSERT INTO auth.sessions VALUES ('abc96ad0-a137-4c86-8521-537ec7c8ce60', 'ba293401-7bf7-4a06-b168-aa8b3dc9e8f6', '2026-06-12 03:43:20.419625+00', '2026-06-12 03:43:20.419625+00', NULL, 'aal1', NULL, NULL, 'Mozilla/5.0 (Windows NT 10.0; Win64; x64) AppleWebKit/537.36 (KHTML, like Gecko) Chrome/148.0.7778.96 Safari/537.36', '172.21.0.1', NULL, NULL, NULL, NULL, NULL);
INSERT INTO auth.sessions VALUES ('05c36421-06ea-472c-b3ec-28893c3a7c8a', 'ba293401-7bf7-4a06-b168-aa8b3dc9e8f6', '2026-06-12 03:45:30.184453+00', '2026-06-12 03:45:30.184453+00', NULL, 'aal1', NULL, NULL, 'Mozilla/5.0 (Windows NT 10.0; Win64; x64) AppleWebKit/537.36 (KHTML, like Gecko) Chrome/148.0.7778.96 Safari/537.36', '172.21.0.1', NULL, NULL, NULL, NULL, NULL);
INSERT INTO auth.sessions VALUES ('5251d81a-eb6f-4e74-a08c-b1b5f76cdde7', 'ba293401-7bf7-4a06-b168-aa8b3dc9e8f6', '2026-06-12 03:49:04.656613+00', '2026-06-12 03:49:04.656613+00', NULL, 'aal1', NULL, NULL, 'Mozilla/5.0 (Windows NT 10.0; Win64; x64) AppleWebKit/537.36 (KHTML, like Gecko) Chrome/148.0.7778.96 Safari/537.36', '172.21.0.1', NULL, NULL, NULL, NULL, NULL);
INSERT INTO auth.sessions VALUES ('e3841e82-c65b-47ac-a31a-e50043902fb1', 'ba293401-7bf7-4a06-b168-aa8b3dc9e8f6', '2026-06-12 03:49:35.619634+00', '2026-06-12 03:49:35.619634+00', NULL, 'aal1', NULL, NULL, 'Mozilla/5.0 (Windows NT 10.0; Win64; x64) AppleWebKit/537.36 (KHTML, like Gecko) Chrome/148.0.7778.96 Safari/537.36', '172.21.0.1', NULL, NULL, NULL, NULL, NULL);
INSERT INTO auth.sessions VALUES ('d97ea4dc-1550-4cce-8f58-2e87715f9686', 'ba293401-7bf7-4a06-b168-aa8b3dc9e8f6', '2026-06-12 03:50:13.384179+00', '2026-06-12 03:50:13.384179+00', NULL, 'aal1', NULL, NULL, 'Mozilla/5.0 (Windows NT 10.0; Win64; x64) AppleWebKit/537.36 (KHTML, like Gecko) Chrome/148.0.7778.96 Safari/537.36', '172.21.0.1', NULL, NULL, NULL, NULL, NULL);
INSERT INTO auth.sessions VALUES ('ac5a6f50-26fd-4cce-812c-2136779b3584', 'ba293401-7bf7-4a06-b168-aa8b3dc9e8f6', '2026-06-12 03:50:44.899728+00', '2026-06-12 03:50:44.899728+00', NULL, 'aal1', NULL, NULL, 'Mozilla/5.0 (Windows NT 10.0; Win64; x64) AppleWebKit/537.36 (KHTML, like Gecko) Chrome/148.0.7778.96 Safari/537.36', '172.21.0.1', NULL, NULL, NULL, NULL, NULL);
INSERT INTO auth.sessions VALUES ('effb1b80-e052-4599-b8f0-5b5f5ca37121', 'ba293401-7bf7-4a06-b168-aa8b3dc9e8f6', '2026-06-12 03:51:18.24911+00', '2026-06-12 03:51:18.24911+00', NULL, 'aal1', NULL, NULL, 'Mozilla/5.0 (Windows NT 10.0; Win64; x64) AppleWebKit/537.36 (KHTML, like Gecko) Chrome/148.0.7778.96 Safari/537.36', '172.21.0.1', NULL, NULL, NULL, NULL, NULL);
INSERT INTO auth.sessions VALUES ('774257c0-f738-4b77-9133-63cc0de16e13', 'ba293401-7bf7-4a06-b168-aa8b3dc9e8f6', '2026-06-12 03:51:50.699664+00', '2026-06-12 03:51:50.699664+00', NULL, 'aal1', NULL, NULL, 'Mozilla/5.0 (Windows NT 10.0; Win64; x64) AppleWebKit/537.36 (KHTML, like Gecko) Chrome/148.0.7778.96 Safari/537.36', '172.21.0.1', NULL, NULL, NULL, NULL, NULL);
INSERT INTO auth.sessions VALUES ('bb0a8994-ec13-4f8a-ac49-f319a9393005', 'ba293401-7bf7-4a06-b168-aa8b3dc9e8f6', '2026-06-12 03:52:21.482164+00', '2026-06-12 03:52:21.482164+00', NULL, 'aal1', NULL, NULL, 'Mozilla/5.0 (Windows NT 10.0; Win64; x64) AppleWebKit/537.36 (KHTML, like Gecko) Chrome/148.0.7778.96 Safari/537.36', '172.21.0.1', NULL, NULL, NULL, NULL, NULL);
INSERT INTO auth.sessions VALUES ('383156cb-5a67-4f45-a6a3-f5293aa9d9f4', 'ba293401-7bf7-4a06-b168-aa8b3dc9e8f6', '2026-06-12 03:53:46.402465+00', '2026-06-12 03:53:46.402465+00', NULL, 'aal1', NULL, NULL, 'Mozilla/5.0 (Windows NT 10.0; Win64; x64) AppleWebKit/537.36 (KHTML, like Gecko) Chrome/148.0.7778.96 Safari/537.36', '172.21.0.1', NULL, NULL, NULL, NULL, NULL);
INSERT INTO auth.sessions VALUES ('0f4cbb6c-7ed5-4134-a0e9-efe425dac657', 'ba293401-7bf7-4a06-b168-aa8b3dc9e8f6', '2026-06-12 03:54:11.615734+00', '2026-06-12 03:54:11.615734+00', NULL, 'aal1', NULL, NULL, 'Mozilla/5.0 (Windows NT 10.0; Win64; x64) AppleWebKit/537.36 (KHTML, like Gecko) Chrome/148.0.7778.96 Safari/537.36', '172.21.0.1', NULL, NULL, NULL, NULL, NULL);
INSERT INTO auth.sessions VALUES ('ba8d7303-7c5d-48a0-8abd-b5f2acc81d92', 'ba293401-7bf7-4a06-b168-aa8b3dc9e8f6', '2026-06-12 03:55:23.639254+00', '2026-06-12 03:55:23.639254+00', NULL, 'aal1', NULL, NULL, 'Mozilla/5.0 (Windows NT 10.0; Win64; x64) AppleWebKit/537.36 (KHTML, like Gecko) Chrome/148.0.7778.96 Safari/537.36', '172.21.0.1', NULL, NULL, NULL, NULL, NULL);
INSERT INTO auth.sessions VALUES ('5b49f756-d903-43ae-96d0-ccc25dcdf147', 'ba293401-7bf7-4a06-b168-aa8b3dc9e8f6', '2026-06-12 03:57:29.272263+00', '2026-06-12 03:57:29.272263+00', NULL, 'aal1', NULL, NULL, 'Mozilla/5.0 (Windows NT 10.0; Win64; x64) AppleWebKit/537.36 (KHTML, like Gecko) Chrome/148.0.7778.96 Safari/537.36', '172.21.0.1', NULL, NULL, NULL, NULL, NULL);
INSERT INTO auth.sessions VALUES ('f0b3142c-db4d-44bb-8ff2-f8842df9279d', 'ba293401-7bf7-4a06-b168-aa8b3dc9e8f6', '2026-06-12 03:57:55.869275+00', '2026-06-12 03:57:55.869275+00', NULL, 'aal1', NULL, NULL, 'Mozilla/5.0 (Windows NT 10.0; Win64; x64) AppleWebKit/537.36 (KHTML, like Gecko) Chrome/148.0.7778.96 Safari/537.36', '172.21.0.1', NULL, NULL, NULL, NULL, NULL);
INSERT INTO auth.sessions VALUES ('a010bca8-d820-43ce-844d-c7d3f2a7cb3c', 'ba293401-7bf7-4a06-b168-aa8b3dc9e8f6', '2026-06-12 03:58:36.556489+00', '2026-06-12 03:58:36.556489+00', NULL, 'aal1', NULL, NULL, 'Mozilla/5.0 (Windows NT 10.0; Win64; x64) AppleWebKit/537.36 (KHTML, like Gecko) Chrome/148.0.7778.96 Safari/537.36', '172.21.0.1', NULL, NULL, NULL, NULL, NULL);
INSERT INTO auth.sessions VALUES ('82c03ad1-31f7-489a-86bf-65fb47a65179', 'ba293401-7bf7-4a06-b168-aa8b3dc9e8f6', '2026-06-12 04:03:36.141221+00', '2026-06-12 04:03:36.141221+00', NULL, 'aal1', NULL, NULL, 'Mozilla/5.0 (Windows NT 10.0; Win64; x64) AppleWebKit/537.36 (KHTML, like Gecko) Chrome/148.0.7778.96 Safari/537.36', '172.21.0.1', NULL, NULL, NULL, NULL, NULL);
INSERT INTO auth.sessions VALUES ('3aa8eadd-a968-466b-91d4-1d572f2f369e', 'ba293401-7bf7-4a06-b168-aa8b3dc9e8f6', '2026-06-12 04:06:07.302371+00', '2026-06-12 04:06:07.302371+00', NULL, 'aal1', NULL, NULL, 'Mozilla/5.0 (Windows NT 10.0; Win64; x64) AppleWebKit/537.36 (KHTML, like Gecko) Chrome/148.0.7778.96 Safari/537.36', '172.21.0.1', NULL, NULL, NULL, NULL, NULL);
INSERT INTO auth.sessions VALUES ('c071c1fa-d0b5-4278-af36-8cf2ce7e104a', 'ba293401-7bf7-4a06-b168-aa8b3dc9e8f6', '2026-06-12 04:07:47.477514+00', '2026-06-12 04:07:47.477514+00', NULL, 'aal1', NULL, NULL, 'Mozilla/5.0 (Windows NT 10.0; Win64; x64) AppleWebKit/537.36 (KHTML, like Gecko) Chrome/148.0.7778.96 Safari/537.36', '172.21.0.1', NULL, NULL, NULL, NULL, NULL);
INSERT INTO auth.sessions VALUES ('b787536a-fa99-412f-b031-104002480935', 'ba293401-7bf7-4a06-b168-aa8b3dc9e8f6', '2026-06-12 04:08:37.136588+00', '2026-06-12 04:08:37.136588+00', NULL, 'aal1', NULL, NULL, 'Mozilla/5.0 (Windows NT 10.0; Win64; x64) AppleWebKit/537.36 (KHTML, like Gecko) Chrome/148.0.7778.96 Safari/537.36', '172.21.0.1', NULL, NULL, NULL, NULL, NULL);
INSERT INTO auth.sessions VALUES ('07a7add3-9913-4201-8012-dedf2fa6a087', 'ba293401-7bf7-4a06-b168-aa8b3dc9e8f6', '2026-06-12 04:09:12.591879+00', '2026-06-12 04:09:12.591879+00', NULL, 'aal1', NULL, NULL, 'Mozilla/5.0 (Windows NT 10.0; Win64; x64) AppleWebKit/537.36 (KHTML, like Gecko) Chrome/148.0.7778.96 Safari/537.36', '172.21.0.1', NULL, NULL, NULL, NULL, NULL);
INSERT INTO auth.sessions VALUES ('ebe9f0ea-010f-4fc1-b4cd-1c8a8d26036a', 'ba293401-7bf7-4a06-b168-aa8b3dc9e8f6', '2026-06-12 04:09:57.208206+00', '2026-06-12 04:09:57.208206+00', NULL, 'aal1', NULL, NULL, 'Mozilla/5.0 (Windows NT 10.0; Win64; x64) AppleWebKit/537.36 (KHTML, like Gecko) Chrome/148.0.7778.96 Safari/537.36', '172.21.0.1', NULL, NULL, NULL, NULL, NULL);
INSERT INTO auth.sessions VALUES ('bc74ef3a-bbc2-4e0b-b943-d781513a451c', 'ba293401-7bf7-4a06-b168-aa8b3dc9e8f6', '2026-06-12 04:10:30.007787+00', '2026-06-12 04:10:30.007787+00', NULL, 'aal1', NULL, NULL, 'Mozilla/5.0 (Windows NT 10.0; Win64; x64) AppleWebKit/537.36 (KHTML, like Gecko) Chrome/148.0.7778.96 Safari/537.36', '172.21.0.1', NULL, NULL, NULL, NULL, NULL);
INSERT INTO auth.sessions VALUES ('42cb0623-cdc0-4887-800f-1c37280a9919', 'ba293401-7bf7-4a06-b168-aa8b3dc9e8f6', '2026-06-12 04:13:06.414664+00', '2026-06-12 04:13:06.414664+00', NULL, 'aal1', NULL, NULL, 'Mozilla/5.0 (Windows NT 10.0; Win64; x64) AppleWebKit/537.36 (KHTML, like Gecko) Chrome/148.0.7778.96 Safari/537.36', '172.21.0.1', NULL, NULL, NULL, NULL, NULL);
INSERT INTO auth.sessions VALUES ('dbcad213-246f-430c-a4f6-834011d25d69', 'ba293401-7bf7-4a06-b168-aa8b3dc9e8f6', '2026-06-11 08:11:43.075748+00', '2026-06-11 08:11:43.075748+00', NULL, 'aal1', NULL, NULL, 'Mozilla/5.0 (Windows NT 10.0; Win64; x64) AppleWebKit/537.36 (KHTML, like Gecko) Chrome/149.0.0.0 Safari/537.36 Edg/149.0.0.0', '172.21.0.1', NULL, NULL, NULL, NULL, NULL);
INSERT INTO auth.sessions VALUES ('570b6fcb-8a5a-4ed1-9252-372e5f5a7fd4', 'ba293401-7bf7-4a06-b168-aa8b3dc9e8f6', '2026-06-11 08:14:38.251932+00', '2026-06-11 08:14:38.251932+00', NULL, 'aal1', NULL, NULL, 'Mozilla/5.0 (Windows NT 10.0; Win64; x64) AppleWebKit/537.36 (KHTML, like Gecko) Claude/1.11847.5 Chrome/146.0.7680.216 Electron/41.6.1 Safari/537.36 MSIX', '172.21.0.1', NULL, NULL, NULL, NULL, NULL);
INSERT INTO auth.sessions VALUES ('e4a19367-2e90-4eed-b00c-8341dd34c9b9', 'ba293401-7bf7-4a06-b168-aa8b3dc9e8f6', '2026-06-12 04:13:49.430647+00', '2026-06-12 04:13:49.430647+00', NULL, 'aal1', NULL, NULL, 'Mozilla/5.0 (Windows NT 10.0; Win64; x64) AppleWebKit/537.36 (KHTML, like Gecko) Chrome/148.0.7778.96 Safari/537.36', '172.21.0.1', NULL, NULL, NULL, NULL, NULL);
INSERT INTO auth.sessions VALUES ('2c6e55c1-c871-49a2-a56d-43753016aa02', 'ba293401-7bf7-4a06-b168-aa8b3dc9e8f6', '2026-06-12 04:15:19.876263+00', '2026-06-12 04:15:19.876263+00', NULL, 'aal1', NULL, NULL, 'Mozilla/5.0 (Windows NT 10.0; Win64; x64) AppleWebKit/537.36 (KHTML, like Gecko) Chrome/148.0.7778.96 Safari/537.36', '172.21.0.1', NULL, NULL, NULL, NULL, NULL);
INSERT INTO auth.sessions VALUES ('9589fc0a-406b-4dda-bf5e-9a853ca6dd9e', '2ab5e2db-56a4-4098-9a0b-03a2cb4e853a', '2026-06-15 12:42:50.107907+00', '2026-06-15 12:42:50.107907+00', NULL, 'aal1', NULL, NULL, 'node', '172.21.0.1', NULL, NULL, NULL, NULL, NULL);
INSERT INTO auth.sessions VALUES ('aa253589-50cf-4828-9942-f648629cdf03', 'ba293401-7bf7-4a06-b168-aa8b3dc9e8f6', '2026-06-12 07:51:20.832058+00', '2026-06-12 07:51:20.832058+00', NULL, 'aal1', NULL, NULL, 'Mozilla/5.0 (Windows NT 10.0; Win64; x64) AppleWebKit/537.36 (KHTML, like Gecko) Chrome/149.0.0.0 Safari/537.36 Edg/149.0.0.0', '172.21.0.1', NULL, NULL, NULL, NULL, NULL);
INSERT INTO auth.sessions VALUES ('5b86f70d-9066-4aab-825a-f773b4ef1b59', '88da8ada-bbc2-490e-b6aa-4ddb3baafc2a', '2026-06-15 12:42:49.911708+00', '2026-06-15 12:42:49.911708+00', NULL, 'aal1', NULL, NULL, 'node', '172.21.0.1', NULL, NULL, NULL, NULL, NULL);
INSERT INTO auth.sessions VALUES ('5d86f0cd-fc29-436a-af33-977bc639f7d6', '2ab5e2db-56a4-4098-9a0b-03a2cb4e853a', '2026-06-15 06:09:45.954934+00', '2026-06-15 06:09:45.954934+00', NULL, 'aal1', NULL, NULL, 'Mozilla/5.0 (Windows NT 10.0; Win64; x64) AppleWebKit/537.36 (KHTML, like Gecko) HeadlessChrome/148.0.7778.96 Safari/537.36', '172.21.0.1', NULL, NULL, NULL, NULL, NULL);
INSERT INTO auth.sessions VALUES ('8acfbae1-7616-4c5f-9953-a729b0a416a2', '2ab5e2db-56a4-4098-9a0b-03a2cb4e853a', '2026-06-15 06:13:27.185181+00', '2026-06-15 06:13:27.185181+00', NULL, 'aal1', NULL, NULL, 'Mozilla/5.0 (Windows NT 10.0; Win64; x64) AppleWebKit/537.36 (KHTML, like Gecko) HeadlessChrome/148.0.7778.96 Safari/537.36', '172.21.0.1', NULL, NULL, NULL, NULL, NULL);
INSERT INTO auth.sessions VALUES ('1ee54479-a060-4913-8e3e-5be6d7473323', '2ab5e2db-56a4-4098-9a0b-03a2cb4e853a', '2026-06-15 06:13:47.437196+00', '2026-06-15 06:13:47.437196+00', NULL, 'aal1', NULL, NULL, 'Mozilla/5.0 (Windows NT 10.0; Win64; x64) AppleWebKit/537.36 (KHTML, like Gecko) HeadlessChrome/148.0.7778.96 Safari/537.36', '172.21.0.1', NULL, NULL, NULL, NULL, NULL);
INSERT INTO auth.sessions VALUES ('47475322-2ea0-43f8-b582-6b9d3301e34d', '2ab5e2db-56a4-4098-9a0b-03a2cb4e853a', '2026-06-15 06:15:30.314531+00', '2026-06-15 06:15:30.314531+00', NULL, 'aal1', NULL, NULL, 'Mozilla/5.0 (Windows NT 10.0; Win64; x64) AppleWebKit/537.36 (KHTML, like Gecko) HeadlessChrome/148.0.7778.96 Safari/537.36', '172.21.0.1', NULL, NULL, NULL, NULL, NULL);
INSERT INTO auth.sessions VALUES ('764b4735-026f-4715-b52a-db8fec428878', '2ab5e2db-56a4-4098-9a0b-03a2cb4e853a', '2026-06-15 06:18:50.053769+00', '2026-06-15 06:18:50.053769+00', NULL, 'aal1', NULL, NULL, 'Mozilla/5.0 (Windows NT 10.0; Win64; x64) AppleWebKit/537.36 (KHTML, like Gecko) HeadlessChrome/148.0.7778.96 Safari/537.36', '172.21.0.1', NULL, NULL, NULL, NULL, NULL);


--
-- PostgreSQL database dump complete
--

\unrestrict 3xuowIjBDBSQjJV0015mW1pN1ugloARFKLywkwZNLdL6prBji7OS99zWWpa1JA1

